458,酷派,锋尚MAX,1个月碎屏保至尊+（联通）,10254,7
759,三星,Note 7,1个月碎屏保至尊+（联通）,10254,7
804,苹果,Iphone7,1个月碎屏保至尊+（联通）,10254,7
835,苹果,Iphone7 plus,1个月碎屏保至尊+（联通）,10254,7
1193,华为,荣耀Magic,1个月碎屏保至尊+（联通）,10254,7
458,酷派,锋尚MAX,3个月碎屏保至尊+（联通）,10255,7
759,三星,Note 7,3个月碎屏保至尊+（联通）,10255,7
804,苹果,Iphone7,3个月碎屏保至尊+（联通）,10255,7
835,苹果,Iphone7 plus,3个月碎屏保至尊+（联通）,10255,7
1193,华为,荣耀Magic,3个月碎屏保至尊+（联通）,10255,7
458,酷派,锋尚MAX,12个月碎屏保至尊+（联通）,10256,7
759,三星,Note 7,12个月碎屏保至尊+（联通）,10256,7
804,苹果,Iphone7,12个月碎屏保至尊+（联通）,10256,7
835,苹果,Iphone7 plus,12个月碎屏保至尊+（联通）,10256,7
1193,华为,荣耀Magic,12个月碎屏保至尊+（联通）,10256,7
59,苹果,iPhone 6,1个月碎屏保至尊（联通）,10257,7
60,苹果,iPhone 6 Plus,1个月碎屏保至尊（联通）,10257,7
61,苹果,iPhone 6S,1个月碎屏保至尊（联通）,10257,7
62,苹果,iPhone 6S Plus,1个月碎屏保至尊（联通）,10257,7
79,三星,S6 EDGE +,1个月碎屏保至尊（联通）,10257,7
193,三星,G9280,1个月碎屏保至尊（联通）,10257,7
197,华为,P7,1个月碎屏保至尊（联通）,10257,7
211,iPad,iPad Pro,1个月碎屏保至尊（联通）,10257,7
500,华为,P9 Plus,1个月碎屏保至尊（联通）,10257,7
959,三星,W2015,1个月碎屏保至尊（联通）,10257,7
987,Vivo,xplay6,1个月碎屏保至尊（联通）,10257,7
1051,8848,2017,1个月碎屏保至尊（联通）,10257,7
1086,华为,mate9 pro,1个月碎屏保至尊（联通）,10257,7
1165,三星,W2013,1个月碎屏保至尊（联通）,10257,7
1190,长虹,A200,1个月碎屏保至尊（联通）,10257,7
1198,iPad,iPad Pro 9.7,1个月碎屏保至尊（联通）,10257,7
59,苹果,iPhone 6,3个月碎屏保至尊（联通）,10258,7
60,苹果,iPhone 6 Plus,3个月碎屏保至尊（联通）,10258,7
61,苹果,iPhone 6S,3个月碎屏保至尊（联通）,10258,7
62,苹果,iPhone 6S Plus,3个月碎屏保至尊（联通）,10258,7
79,三星,S6 EDGE +,3个月碎屏保至尊（联通）,10258,7
193,三星,G9280,3个月碎屏保至尊（联通）,10258,7
197,华为,P7,3个月碎屏保至尊（联通）,10258,7
211,iPad,iPad Pro,3个月碎屏保至尊（联通）,10258,7
500,华为,P9 Plus,3个月碎屏保至尊（联通）,10258,7
959,三星,W2015,3个月碎屏保至尊（联通）,10258,7
987,Vivo,xplay6,3个月碎屏保至尊（联通）,10258,7
1051,8848,2017,3个月碎屏保至尊（联通）,10258,7
1086,华为,mate9 pro,3个月碎屏保至尊（联通）,10258,7
1165,三星,W2013,3个月碎屏保至尊（联通）,10258,7
1190,长虹,A200,3个月碎屏保至尊（联通）,10258,7
1198,iPad,iPad Pro 9.7,3个月碎屏保至尊（联通）,10258,7
59,苹果,iPhone 6,12个月碎屏保至尊（联通）,10259,7
60,苹果,iPhone 6 Plus,12个月碎屏保至尊（联通）,10259,7
61,苹果,iPhone 6S,12个月碎屏保至尊（联通）,10259,7
62,苹果,iPhone 6S Plus,12个月碎屏保至尊（联通）,10259,7
79,三星,S6 EDGE +,12个月碎屏保至尊（联通）,10259,7
193,三星,G9280,12个月碎屏保至尊（联通）,10259,7
197,华为,P7,12个月碎屏保至尊（联通）,10259,7
211,iPad,iPad Pro,12个月碎屏保至尊（联通）,10259,7
500,华为,P9 Plus,12个月碎屏保至尊（联通）,10259,7
959,三星,W2015,12个月碎屏保至尊（联通）,10259,7
987,Vivo,xplay6,12个月碎屏保至尊（联通）,10259,7
1051,8848,2017,12个月碎屏保至尊（联通）,10259,7
1086,华为,mate9 pro,12个月碎屏保至尊（联通）,10259,7
1165,三星,W2013,12个月碎屏保至尊（联通）,10259,7
1190,长虹,A200,12个月碎屏保至尊（联通）,10259,7
1198,iPad,iPad Pro 9.7,12个月碎屏保至尊（联通）,10259,7
52,小米,4c,1个月碎屏保A+（联通）,10260,7
53,小米,红米Note,1个月碎屏保A+（联通）,10260,7
54,苹果,iPhone5S,1个月碎屏保A+（联通）,10260,7
55,苹果,iPhone 5C,1个月碎屏保A+（联通）,10260,7
57,苹果,iPhone 5,1个月碎屏保A+（联通）,10260,7
58,苹果,iPhone 4S,1个月碎屏保A+（联通）,10260,7
64,小米,米3,1个月碎屏保A+（联通）,10260,7
65,三星,Note 4,1个月碎屏保A+（联通）,10260,7
66,三星,Note 3,1个月碎屏保A+（联通）,10260,7
67,三星,S4,1个月碎屏保A+（联通）,10260,7
68,三星,S5,1个月碎屏保A+（联通）,10260,7
69,三星,S6,1个月碎屏保A+（联通）,10260,7
70,三星,S6 Edge,1个月碎屏保A+（联通）,10260,7
71,三星,A7,1个月碎屏保A+（联通）,10260,7
72,三星,A5,1个月碎屏保A+（联通）,10260,7
73,三星,A8,1个月碎屏保A+（联通）,10260,7
74,三星,E7,1个月碎屏保A+（联通）,10260,7
75,三星,A3,1个月碎屏保A+（联通）,10260,7
76,三星,J5008,1个月碎屏保A+（联通）,10260,7
77,三星,J7008,1个月碎屏保A+（联通）,10260,7
78,三星,G5109,1个月碎屏保A+（联通）,10260,7
80,三星,GALAXY Mega 2,1个月碎屏保A+（联通）,10260,7
81,三星,Note5,1个月碎屏保A+（联通）,10260,7
82,三星,Note EDGE,1个月碎屏保A+（联通）,10260,7
83,三星,Galaxy Active Neo,1个月碎屏保A+（联通）,10260,7
84,OPPO,R7S,1个月碎屏保A+（联通）,10260,7
85,OPPO,R7 plus,1个月碎屏保A+（联通）,10260,7
86,OPPO,R1C,1个月碎屏保A+（联通）,10260,7
87,OPPO,R7,1个月碎屏保A+（联通）,10260,7
88,OPPO,A31,1个月碎屏保A+（联通）,10260,7
89,OPPO,A51KC,1个月碎屏保A+（联通）,10260,7
90,OPPO,R3005,1个月碎屏保A+（联通）,10260,7
92,OPPO,R3,1个月碎屏保A+（联通）,10260,7
93,OPPO,N3,1个月碎屏保A+（联通）,10260,7
94,OPPO,R5,1个月碎屏保A+（联通）,10260,7
95,酷派,大神x7,1个月碎屏保A+（联通）,10260,7
96,酷派,锋尚pro,1个月碎屏保A+（联通）,10260,7
98,酷派,铂顿,1个月碎屏保A+（联通）,10260,7
99,中兴,Q801u,1个月碎屏保A+（联通）,10260,7
100,中兴,axon天机至尊版,1个月碎屏保A+（联通）,10260,7
101,TCL,S830u,1个月碎屏保A+（联通）,10260,7
102,TCL,J730u,1个月碎屏保A+（联通）,10260,7
103,魅族,Pro5,1个月碎屏保A+（联通）,10260,7
104,魅族,MX5,1个月碎屏保A+（联通）,10260,7
105,魅族,MX4 Pro,1个月碎屏保A+（联通）,10260,7
106,魅族,魅族Note,1个月碎屏保A+（联通）,10260,7
107,魅族,魅蓝note2,1个月碎屏保A+（联通）,10260,7
116,华为,Mate 7,1个月碎屏保A+（联通）,10260,7
117,华为,荣耀4,1个月碎屏保A+（联通）,10260,7
118,华为,麦芒4,1个月碎屏保A+（联通）,10260,7
119,华为,荣耀7,1个月碎屏保A+（联通）,10260,7
120,华为,Mate S,1个月碎屏保A+（联通）,10260,7
122,华为,P6,1个月碎屏保A+（联通）,10260,7
123,华为,荣耀7 plus,1个月碎屏保A+（联通）,10260,7
124,华为,荣耀7i,1个月碎屏保A+（联通）,10260,7
125,华为,P8,1个月碎屏保A+（联通）,10260,7
126,华为,P8青春版,1个月碎屏保A+（联通）,10260,7
127,华为,C199,1个月碎屏保A+（联通）,10260,7
129,华为,荣耀4c,1个月碎屏保A+（联通）,10260,7
130,华为,荣耀 6 Plus,1个月碎屏保A+（联通）,10260,7
131,华为,荣耀 6,1个月碎屏保A+（联通）,10260,7
132,华为,荣耀4x,1个月碎屏保A+（联通）,10260,7
133,华为,P8 MAX,1个月碎屏保A+（联通）,10260,7
134,HTC,M8,1个月碎屏保A+（联通）,10260,7
135,HTC,M9,1个月碎屏保A+（联通）,10260,7
136,HTC,M9+,1个月碎屏保A+（联通）,10260,7
137,HTC,E9,1个月碎屏保A+（联通）,10260,7
138,HTC,E9+,1个月碎屏保A+（联通）,10260,7
139,HTC,826,1个月碎屏保A+（联通）,10260,7
140,HTC,820,1个月碎屏保A+（联通）,10260,7
141,HTC,626,1个月碎屏保A+（联通）,10260,7
142,Vivo,X5Pro,1个月碎屏保A+（联通）,10260,7
143,Vivo,Y927,1个月碎屏保A+（联通）,10260,7
144,Vivo,Y29L,1个月碎屏保A+（联通）,10260,7
145,Vivo,Y33,1个月碎屏保A+（联通）,10260,7
146,Vivo,Y37L,1个月碎屏保A+（联通）,10260,7
147,Vivo,X5max+,1个月碎屏保A+（联通）,10260,7
148,Vivo,X5max,1个月碎屏保A+（联通）,10260,7
149,Vivo,X5(V，S，L，F),1个月碎屏保A+（联通）,10260,7
150,Vivo,Xplay3s,1个月碎屏保A+（联通）,10260,7
151,Vivo,X5 M,1个月碎屏保A+（联通）,10260,7
152,Ipad,iPad  mini4,1个月碎屏保A+（联通）,10260,7
153,Ipad,iPad Air 2,1个月碎屏保A+（联通）,10260,7
154,Ipad,iPad Air,1个月碎屏保A+（联通）,10260,7
155,iPad,iPad 4,1个月碎屏保A+（联通）,10260,7
156,iPad,iPad Mini 3,1个月碎屏保A+（联通）,10260,7
157,iPad,iPad Mini 2,1个月碎屏保A+（联通）,10260,7
158,iPad,iPad Mini,1个月碎屏保A+（联通）,10260,7
179,HTC,816,1个月碎屏保A+（联通）,10260,7
180,HTC,One M9e,1个月碎屏保A+（联通）,10260,7
181,HTC,One M9s,1个月碎屏保A+（联通）,10260,7
182,HTC,E8,1个月碎屏保A+（联通）,10260,7
183,OPPO,Find 5,1个月碎屏保A+（联通）,10260,7
184,OPPO,Find 7,1个月碎屏保A+（联通）,10260,7
185,Vivo,Xshot,1个月碎屏保A+（联通）,10260,7
187,Vivo,X6,1个月碎屏保A+（联通）,10260,7
188,Vivo,Y923,1个月碎屏保A+（联通）,10260,7
191,三星,Galaxy On5,1个月碎屏保A+（联通）,10260,7
192,三星,Galaxy On7,1个月碎屏保A+（联通）,10260,7
195,华为,荣耀畅玩5X,1个月碎屏保A+（联通）,10260,7
196,华为,G7-Plus,1个月碎屏保A+（联通）,10260,7
198,小米,红米NOTE3,1个月碎屏保A+（联通）,10260,7
199,小米,米4,1个月碎屏保A+（联通）,10260,7
200,酷派,5313S,1个月碎屏保A+（联通）,10260,7
201,酷派,锋尚Air,1个月碎屏保A+（联通）,10260,7
202,酷派,锋尚2,1个月碎屏保A+（联通）,10260,7
203,酷派,K1,1个月碎屏保A+（联通）,10260,7
204,酷派,大神F1,1个月碎屏保A+（联通）,10260,7
205,酷派,大神F2,1个月碎屏保A+（联通）,10260,7
206,酷派,Rogue,1个月碎屏保A+（联通）,10260,7
207,魅族,魅蓝note3,1个月碎屏保A+（联通）,10260,7
208,魅族,魅蓝2,1个月碎屏保A+（联通）,10260,7
209,魅族,MX4,1个月碎屏保A+（联通）,10260,7
212,乐视,乐Max,1个月碎屏保A+（联通）,10260,7
213,乐视,乐1 Pro,1个月碎屏保A+（联通）,10260,7
214,乐视,乐1S,1个月碎屏保A+（联通）,10260,7
215,三星,其他,1个月碎屏保A+（联通）,10260,7
217,OPPO,其他,1个月碎屏保A+（联通）,10260,7
218,Vivo,其他,1个月碎屏保A+（联通）,10260,7
219,华为,其他,1个月碎屏保A+（联通）,10260,7
221,小米,其他,1个月碎屏保A+（联通）,10260,7
222,联通沃保,包年,1个月碎屏保A+（联通）,10260,7
223,联通沃保,包月,1个月碎屏保A+（联通）,10260,7
224,中兴,小鲜3,1个月碎屏保A+（联通）,10260,7
226,金立,S6,1个月碎屏保A+（联通）,10260,7
227,金立,M5高配版,1个月碎屏保A+（联通）,10260,7
228,金立,W900s,1个月碎屏保A+（联通）,10260,7
229,金立,E8,1个月碎屏保A+（联通）,10260,7
230,金立,F303,1个月碎屏保A+（联通）,10260,7
231,金立,S5.1 Pro,1个月碎屏保A+（联通）,10260,7
232,金立,GNM5,1个月碎屏保A+（联通）,10260,7
233,金立,M3,1个月碎屏保A+（联通）,10260,7
234,金立,GNV188,1个月碎屏保A+（联通）,10260,7
235,HTC,A9w,1个月碎屏保A+（联通）,10260,7
236,Vivo,X6 plus,1个月碎屏保A+（联通）,10260,7
237,Vivo,Max v,1个月碎屏保A+（联通）,10260,7
238,Vivo,937,1个月碎屏保A+（联通）,10260,7
239,Vivo,Y35,1个月碎屏保A+（联通）,10260,7
240,Vivo,Y35a,1个月碎屏保A+（联通）,10260,7
241,Vivo,Y51,1个月碎屏保A+（联通）,10260,7
242,Vivo,Y51 a,1个月碎屏保A+（联通）,10260,7
243,Vivo,X6 plus v,1个月碎屏保A+（联通）,10260,7
244,OPPO,R7c,1个月碎屏保A+（联通）,10260,7
245,OPPO,A31c,1个月碎屏保A+（联通）,10260,7
246,OPPO,A33,1个月碎屏保A+（联通）,10260,7
247,OPPO,A33 m,1个月碎屏保A+（联通）,10260,7
248,OPPO,A51,1个月碎屏保A+（联通）,10260,7
249,OPPO,R7s m,1个月碎屏保A+（联通）,10260,7
250,OPPO,R7plus m,1个月碎屏保A+（联通）,10260,7
251,OPPO,R7s plus,1个月碎屏保A+（联通）,10260,7
252,OPPO,R7 plus m+,1个月碎屏保A+（联通）,10260,7
253,OPPO,A53,1个月碎屏保A+（联通）,10260,7
254,华为,畅想5,1个月碎屏保A+（联通）,10260,7
255,华为,畅想5s,1个月碎屏保A+（联通）,10260,7
256,摩托罗拉,xt 1570,1个月碎屏保A+（联通）,10260,7
257,三星,GALAXY A5,1个月碎屏保A+（联通）,10260,7
258,三星,A9000,1个月碎屏保A+（联通）,10260,7
269,小米,米5,1个月碎屏保A+（联通）,10260,7
270,三星,G7200,1个月碎屏保A+（联通）,10260,7
271,Vivo,Y623,1个月碎屏保A+（联通）,10260,7
272,华为,Ascend G7,1个月碎屏保A+（联通）,10260,7
273,魅族,MX3,1个月碎屏保A+（联通）,10260,7
274,中兴,G720c,1个月碎屏保A+（联通）,10260,7
275,尚峰,S6,1个月碎屏保A+（联通）,10260,7
276,酷比,H3,1个月碎屏保A+（联通）,10260,7
277,OPPO,A30,1个月碎屏保A+（联通）,10260,7
278,联想,乐檬X3,1个月碎屏保A+（联通）,10260,7
280,HTC,X9,1个月碎屏保A+（联通）,10260,7
281,小米,2A,1个月碎屏保A+（联通）,10260,7
282,酷比,T520,1个月碎屏保A+（联通）,10260,7
283,酷比,X7,1个月碎屏保A+（联通）,10260,7
284,酷比,M2,1个月碎屏保A+（联通）,10260,7
285,酷比,M3,1个月碎屏保A+（联通）,10260,7
286,酷比,S2,1个月碎屏保A+（联通）,10260,7
287,酷比,X903S,1个月碎屏保A+（联通）,10260,7
288,酷比,H1S,1个月碎屏保A+（联通）,10260,7
289,酷比,H2,1个月碎屏保A+（联通）,10260,7
290,酷比,M1L,1个月碎屏保A+（联通）,10260,7
291,酷比,S3,1个月碎屏保A+（联通）,10260,7
292,酷比,H6,1个月碎屏保A+（联通）,10260,7
293,酷比,S6,1个月碎屏保A+（联通）,10260,7
294,酷比,H5,1个月碎屏保A+（联通）,10260,7
295,酷比,H7,1个月碎屏保A+（联通）,10260,7
296,奥乐,AR5,1个月碎屏保A+（联通）,10260,7
297,三星,G5500,1个月碎屏保A+（联通）,10260,7
298,三星,Galaxy J3,1个月碎屏保A+（联通）,10260,7
299,酷派,锋尚MAX,1个月碎屏保A+（联通）,10260,7
300,魅族,魅蓝,1个月碎屏保A+（联通）,10260,7
301,联想,PHAB,1个月碎屏保A+（联通）,10260,7
302,联想,乐檬K5 Note,1个月碎屏保A+（联通）,10260,7
303,联想,VIBE Shot,1个月碎屏保A+（联通）,10260,7
304,联想,VIBE Z2 ,1个月碎屏保A+（联通）,10260,7
305,三星,Galaxy J7,1个月碎屏保A+（联通）,10260,7
306,联想,PHAB Plus,1个月碎屏保A+（联通）,10260,7
307,联想,K80,1个月碎屏保A+（联通）,10260,7
308,联想,VIBE Z2w,1个月碎屏保A+（联通）,10260,7
309,联想,笋尖S60t,1个月碎屏保A+（联通）,10260,7
310,联想,乐檬K3,1个月碎屏保A+（联通）,10260,7
311,三星,GALAXY K Zoom,1个月碎屏保A+（联通）,10260,7
313,联想,黄金斗士A8,1个月碎屏保A+（联通）,10260,7
314,三星,Galaxy Note 3 Lite,1个月碎屏保A+（联通）,10260,7
315,三星,Galaxy Grand 2,1个月碎屏保A+（联通）,10260,7
316,三星,Galaxy Core Max,1个月碎屏保A+（联通）,10260,7
317,三星,Galaxy Core Prime,1个月碎屏保A+（联通）,10260,7
318,金立,M5 Plus,1个月碎屏保A+（联通）,10260,7
318,金立,M5 Plus,1个月碎屏保A+（联通）,10260,7
319,三星,Galaxy Grand Prime,1个月碎屏保A+（联通）,10260,7
320,朵唯,L5 Plus,1个月碎屏保A+（联通）,10260,7
321,朵唯,L5 Pro,1个月碎屏保A+（联通）,10260,7
322,三星,G3818,1个月碎屏保A+（联通）,10260,7
324,三星,Galsxy Mega Plus,1个月碎屏保A+（联通）,10260,7
325,三星,G3588V,1个月碎屏保A+（联通）,10260,7
326,联想,乐檬K3 Note,1个月碎屏保A+（联通）,10260,7
328,小米,红米Note2,1个月碎屏保A+（联通）,10260,7
330,联想,A788t,1个月碎屏保A+（联通）,10260,7
331,联想,黄金斗士S8,1个月碎屏保A+（联通）,10260,7
332,联想,S810t,1个月碎屏保A+（联通）,10260,7
333,小米,红米1S,1个月碎屏保A+（联通）,10260,7
334,联想,黄金斗士Note8,1个月碎屏保A+（联通）,10260,7
335,小米,红米2,1个月碎屏保A+（联通）,10260,7
336,联想,黄金斗士S8畅玩,1个月碎屏保A+（联通）,10260,7
337,联想,笋尖S90,1个月碎屏保A+（联通）,10260,7
338,中兴,威武3,1个月碎屏保A+（联通）,10260,7
339,中兴,星星2号,1个月碎屏保A+（联通）,10260,7
340,中兴,Geek,1个月碎屏保A+（联通）,10260,7
341,中兴,星星2号活力版,1个月碎屏保A+（联通）,10260,7
342,OPPO,R6007,1个月碎屏保A+（联通）,10260,7
345,中兴,V5S,1个月碎屏保A+（联通）,10260,7
346,中兴,Blade A1,1个月碎屏保A+（联通）,10260,7
347,中兴,A880,1个月碎屏保A+（联通）,10260,7
348,OPPO,3007,1个月碎屏保A+（联通）,10260,7
349,中兴,小鲜2,1个月碎屏保A+（联通）,10260,7
350,中兴,V5,1个月碎屏保A+（联通）,10260,7
351,中兴,V5 MAX,1个月碎屏保A+（联通）,10260,7
352,中兴,青漾2,1个月碎屏保A+（联通）,10260,7
353,OPPO,3000,1个月碎屏保A+（联通）,10260,7
354,中兴,Grand Memo,1个月碎屏保A+（联通）,10260,7
355,中兴,星星1号,1个月碎屏保A+（联通）,10260,7
356,中兴,Blade S6 Lux,1个月碎屏保A+（联通）,10260,7
357,OPPO,R831T,1个月碎屏保A+（联通）,10260,7
358,中兴,Memo 5S,1个月碎屏保A+（联通）,10260,7
361,中兴,U960E,1个月碎屏保A+（联通）,10260,7
362,中兴,中兴醉享,1个月碎屏保A+（联通）,10260,7
363,中兴,Q7-C,1个月碎屏保A+（联通）,10260,7
364,中兴,Blade S6,1个月碎屏保A+（联通）,10260,7
365,中兴,DM ,1个月碎屏保A+（联通）,10260,7
366,OPPO, R831S,1个月碎屏保A+（联通）,10260,7
367,OPPO,A11,1个月碎屏保A+（联通）,10260,7
368,奇酷,青春版,1个月碎屏保A+（联通）,10260,7
369,OPPO,1105,1个月碎屏保A+（联通）,10260,7
370,OPPO,1100,1个月碎屏保A+（联通）,10260,7
371,Vivo,Y27,1个月碎屏保A+（联通）,10260,7
372,Vivo,X3V,1个月碎屏保A+（联通）,10260,7
373,Vivo,X3F,1个月碎屏保A+（联通）,10260,7
374,Vivo,Y23L,1个月碎屏保A+（联通）,10260,7
375,Vivo,Y13iL,1个月碎屏保A+（联通）,10260,7
376,Vivo,Y31A,1个月碎屏保A+（联通）,10260,7
377,华为,Ascend P7,1个月碎屏保A+（联通）,10260,7
378,华为,Mate 2,1个月碎屏保A+（联通）,10260,7
379,华为,B199,1个月碎屏保A+（联通）,10260,7
380,锤子科技,坚果手机,1个月碎屏保A+（联通）,10260,7
381,锤子科技,文艺青年版,1个月碎屏保A+（联通）,10260,7
382,华为,Ascend G6,1个月碎屏保A+（联通）,10260,7
383,锤子科技,坚果U1,1个月碎屏保A+（联通）,10260,7
384,华为,C8816,1个月碎屏保A+（联通）,10260,7
385,朵唯,倾城L3C,1个月碎屏保A+（联通）,10260,7
386,朵唯,倾城L1,1个月碎屏保A+（联通）,10260,7
387,华为,G629,1个月碎屏保A+（联通）,10260,7
388,朵唯,L6,1个月碎屏保A+（联通）,10260,7
389,华为,Ascend GX1,1个月碎屏保A+（联通）,10260,7
390,朵唯,ISuper S3,1个月碎屏保A+（联通）,10260,7
391,朵唯,L5 mini,1个月碎屏保A+（联通）,10260,7
392,华为,Y600D,1个月碎屏保A+（联通）,10260,7
393,朵唯,懂小姐C9,1个月碎屏保A+（联通）,10260,7
394,华为,Ascend P6 S,1个月碎屏保A+（联通）,10260,7
395,朵唯,逆客,1个月碎屏保A+（联通）,10260,7
396,朵唯,倾城L1 mini,1个月碎屏保A+（联通）,10260,7
397,华为,C8818,1个月碎屏保A+（联通）,10260,7
398,朵唯,T90,1个月碎屏保A+（联通）,10260,7
399,朵唯,T35,1个月碎屏保A+（联通）,10260,7
400,华为,Y635-CL00,1个月碎屏保A+（联通）,10260,7
401,朵唯,T21 ,1个月碎屏保A+（联通）,10260,7
402,华为,G620,1个月碎屏保A+（联通）,10260,7
403,华为,G628,1个月碎屏保A+（联通）,10260,7
404,华为,C8817E,1个月碎屏保A+（联通）,10260,7
405,华为,G730-L075,1个月碎屏保A+（联通）,10260,7
406,华为,G610T,1个月碎屏保A+（联通）,10260,7
407,华为,C8816D,1个月碎屏保A+（联通）,10260,7
408,华为,C8817L,1个月碎屏保A+（联通）,10260,7
409,华为,G630,1个月碎屏保A+（联通）,10260,7
410,华为,Y618,1个月碎屏保A+（联通）,10260,7
411,华为,T8950N,1个月碎屏保A+（联通）,10260,7
413,酷派,全魔王手机,1个月碎屏保A+（联通）,10260,7
414,酷派,新K1,1个月碎屏保A+（联通）,10260,7
415,朵唯,T20,1个月碎屏保A+（联通）,10260,7
416,朵唯,T60,1个月碎屏保A+（联通）,10260,7
417,酷派,S6,1个月碎屏保A+（联通）,10260,7
418,酷派,5951,1个月碎屏保A+（联通）,10260,7
419,酷派,炫影SII 8750,1个月碎屏保A+（联通）,10260,7
420,酷派,5891Q,1个月碎屏保A+（联通）,10260,7
421,酷派,大观4,1个月碎屏保A+（联通）,10260,7
422,酷派,8732,1个月碎屏保A+（联通）,10260,7
423,酷派,5721,1个月碎屏保A+（联通）,10260,7
424,酷派,5219,1个月碎屏保A+（联通）,10260,7
425,酷派,5956,1个月碎屏保A+（联通）,10260,7
426,酷派,7920,1个月碎屏保A+（联通）,10260,7
427,酷派,S5.1,1个月碎屏保A+（联通）,10260,7
428,金立,金钢,1个月碎屏保A+（联通）,10260,7
428,金立,金钢,1个月碎屏保A+（联通）,10260,7
430,金立,S5.5L,1个月碎屏保A+（联通）,10260,7
431,金立,V188S,1个月碎屏保A+（联通）,10260,7
432,金立,F301,1个月碎屏保A+（联通）,10260,7
433,金立,M3s,1个月碎屏保A+（联通）,10260,7
434,金立,F103蓝炫,1个月碎屏保A+（联通）,10260,7
435,金立, F103,1个月碎屏保A+（联通）,10260,7
436,金立,GN151,1个月碎屏保A+（联通）,10260,7
437,金立,F103S,1个月碎屏保A+（联通）,10260,7
438,金立,V183,1个月碎屏保A+（联通）,10260,7
439,金立,GN152,1个月碎屏保A+（联通）,10260,7
440,金立,V182,1个月碎屏保A+（联通）,10260,7
441,金立,A360,1个月碎屏保A+（联通）,10260,7
442,小米,小米Note,1个月碎屏保A+（联通）,10260,7
443,三星,Galaxy A3,1个月碎屏保A+（联通）,10260,7
444,三星,Galaxy S4,1个月碎屏保A+（联通）,10260,7
445,金立,S7,1个月碎屏保A+（联通）,10260,7
446,乐视,乐1,1个月碎屏保A+（联通）,10260,7
447,中兴,远航Plus,1个月碎屏保A+（联通）,10260,7
448,中兴,远航2,1个月碎屏保A+（联通）,10260,7
449,中兴,远航3,1个月碎屏保A+（联通）,10260,7
450,中兴,威武3C,1个月碎屏保A+（联通）,10260,7
451,OPPO,R2017,1个月碎屏保A+（联通）,10260,7
452,OPPO,1107,1个月碎屏保A+（联通）,10260,7
453,努比亚,Z9 mini,1个月碎屏保A+（联通）,10260,7
454,努比亚,Z9 Max,1个月碎屏保A+（联通）,10260,7
455,努比亚,Z9,1个月碎屏保A+（联通）,10260,7
456,努比亚,Z9,1个月碎屏保A+（联通）,10260,7
457,努比亚,NX513J,1个月碎屏保A+（联通）,10260,7
458,酷派,锋尚MAX,1个月碎屏保A+（联通）,10260,7
459,酷派,A8,1个月碎屏保A+（联通）,10260,7
461,三星,S7,1个月碎屏保A+（联通）,10260,7
463,三星,N719,1个月碎屏保A+（联通）,10260,7
464,Vivo,Xplay 5,1个月碎屏保A+（联通）,10260,7
465,华为,荣耀x2,1个月碎屏保A+（联通）,10260,7
466,华为,荣耀6 plus,1个月碎屏保A+（联通）,10260,7
467,卓望碎屏保,卓望碎屏保,1个月碎屏保A+（联通）,10260,7
468,iPad,Ipad 6,1个月碎屏保A+（联通）,10260,7
469,手机盗抢险,手机盗抢,1个月碎屏保A+（联通）,10260,7
470,ivvi,Ss1,1个月碎屏保A+（联通）,10260,7
471,美图,M4,1个月碎屏保A+（联通）,10260,7
474,小米,红米3,1个月碎屏保A+（联通）,10260,7
475,OPPO, R9,1个月碎屏保A+（联通）,10260,7
476,OPPO,R9 plus,1个月碎屏保A+（联通）,10260,7
477,三星,A7100,1个月碎屏保A+（联通）,10260,7
478,三星,A5100,1个月碎屏保A+（联通）,10260,7
479,苹果,iPhone SE,1个月碎屏保A+（联通）,10260,7
480,酷派,锋尚mini,1个月碎屏保A+（联通）,10260,7
481,酷派,锋尚 Pro2,1个月碎屏保A+（联通）,10260,7
482,努比亚,Z7 Max,1个月碎屏保A+（联通）,10260,7
484,OPPO,U3,1个月碎屏保A+（联通）,10260,7
486,康佳,E1,1个月碎屏保A+（联通）,10260,7
487,Vivo,Y37 A,1个月碎屏保A+（联通）,10260,7
488,其它,其他,1个月碎屏保A+（联通）,10260,7
491,HTC,728,1个月碎屏保A+（联通）,10260,7
492,朵唯,L7,1个月碎屏保A+（联通）,10260,7
493,小米,4S,1个月碎屏保A+（联通）,10260,7
494,奇酷,F4,1个月碎屏保A+（联通）,10260,7
495,金立,GN715,1个月碎屏保A+（联通）,10260,7
496,华为,P9,1个月碎屏保A+（联通）,10260,7
497,Vivo, V3 Max,1个月碎屏保A+（联通）,10260,7
498,Vivo,X6S Plus,1个月碎屏保A+（联通）,10260,7
499,Vivo,V3,1个月碎屏保A+（联通）,10260,7
501,蓝魔,Mos1 ,1个月碎屏保A+（联通）,10260,7
502,蓝魔,R9,1个月碎屏保A+（联通）,10260,7
503,小米,平板2,1个月碎屏保A+（联通）,10260,7
504,ivvi,i3,1个月碎屏保A+（联通）,10260,7
505,美图,V4,1个月碎屏保A+（联通）,10260,7
506,海信,E71,1个月碎屏保A+（联通）,10260,7
507,金立,V185,1个月碎屏保A+（联通）,10260,7
508,金立,S5.1,1个月碎屏保A+（联通）,10260,7
509,奇酷,大神Note3,1个月碎屏保A+（联通）,10260,7
510,努比亚,X6,1个月碎屏保A+（联通）,10260,7
511,努比亚,Z7,1个月碎屏保A+（联通）,10260,7
513,海信,I632T,1个月碎屏保A+（联通）,10260,7
514,海信,E50T,1个月碎屏保A+（联通）,10260,7
515,海信,E602T,1个月碎屏保A+（联通）,10260,7
516,海信,E621T,1个月碎屏保A+（联通）,10260,7
517,海信,E625T,1个月碎屏保A+（联通）,10260,7
518,海信,I635T,1个月碎屏保A+（联通）,10260,7
519,海信,M20T,1个月碎屏保A+（联通）,10260,7
520,海信,I639T,1个月碎屏保A+（联通）,10260,7
521,海信,H910(K8),1个月碎屏保A+（联通）,10260,7
523,努比亚,Z7 mini,1个月碎屏保A+（联通）,10260,7
524,中兴,Q5,1个月碎屏保A+（联通）,10260,7
525,中兴,A2015低配,1个月碎屏保A+（联通）,10260,7
526,中兴,A2015高配,1个月碎屏保A+（联通）,10260,7
527,中兴,Zmax2,1个月碎屏保A+（联通）,10260,7
528,中兴,B2015,1个月碎屏保A+（联通）,10260,7
529,中兴,Q519T,1个月碎屏保A+（联通）,10260,7
530,中兴,Grand S II,1个月碎屏保A+（联通）,10260,7
531,中兴,Q805T,1个月碎屏保A+（联通）,10260,7
532,乐视,乐max2,1个月碎屏保A+（联通）,10260,7
533,乐视,乐 2 Pro,1个月碎屏保A+（联通）,10260,7
534,乐视,乐2,1个月碎屏保A+（联通）,10260,7
534,乐视,乐2,1个月碎屏保A+（联通）,10260,7
535,努比亚,513h,1个月碎屏保A+（联通）,10260,7
546,Vivo,X6 S,1个月碎屏保A+（联通）,10260,7
587,金立,M5 畅享,1个月碎屏保A+（联通）,10260,7
588,三星,A9100,1个月碎屏保A+（联通）,10260,7
589,三星,S3,1个月碎屏保A+（联通）,10260,7
594,酷派,B770,1个月碎屏保A+（联通）,10260,7
595,Vivo,Y31,1个月碎屏保A+（联通）,10260,7
596,三星,G5108,1个月碎屏保A+（联通）,10260,7
597,魅族,Metal,1个月碎屏保A+（联通）,10260,7
598,酷比,S9,1个月碎屏保A+（联通）,10260,7
599,TCL,P728M,1个月碎屏保A+（联通）,10260,7
600,华为,荣耀4A,1个月碎屏保A+（联通）,10260,7
602,朵唯,A3,1个月碎屏保A+（联通）,10260,7
603,努比亚,Z11 mini,1个月碎屏保A+（联通）,10260,7
604,联想,P70t,1个月碎屏保A+（联通）,10260,7
605,酷比,X903 s,1个月碎屏保A+（联通）,10260,7
606,联想,P70 t,1个月碎屏保A+（联通）,10260,7
607,海信,E20 t,1个月碎屏保A+（联通）,10260,7
608,华硕,X003 A,1个月碎屏保A+（联通）,10260,7
617,金立,S8,1个月碎屏保A+（联通）,10260,7
619,金立,F105,1个月碎屏保A+（联通）,10260,7
620,酷派,Y803,1个月碎屏保A+（联通）,10260,7
621,魅族,魅蓝3,1个月碎屏保A+（联通）,10260,7
622,魅族,Pro 6,1个月碎屏保A+（联通）,10260,7
623,酷派,锋尚3,1个月碎屏保A+（联通）,10260,7
624,小米,小米 Max,1个月碎屏保A+（联通）,10260,7
625,朵唯,A6,1个月碎屏保A+（联通）,10260,7
626,三星,GALAXY J5,1个月碎屏保A+（联通）,10260,7
627,朵唯,M1t,1个月碎屏保A+（联通）,10260,7
627,朵唯,M1t,1个月碎屏保A+（联通）,10260,7
628,OPPO,A37,1个月碎屏保A+（联通）,10260,7
629,酷比,M6,1个月碎屏保A+（联通）,10260,7
630,康佳,S1,1个月碎屏保A+（联通）,10260,7
631,酷比,S7,1个月碎屏保A+（联通）,10260,7
632,三星,GALAXY C5,1个月碎屏保A+（联通）,10260,7
633,三星,GALAXY C7,1个月碎屏保A+（联通）,10260,7
634,华硕,X002,1个月碎屏保A+（联通）,10260,7
635,三星,A7108,1个月碎屏保A+（联通）,10260,7
636,海信,C20,1个月碎屏保A+（联通）,10260,7
637,Suger,C7,1个月碎屏保A+（联通）,10260,7
638,Suger,SS119,1个月碎屏保A+（联通）,10260,7
639,Suger,Sugar S,1个月碎屏保A+（联通）,10260,7
640,Suger,C6,1个月碎屏保A+（联通）,10260,7
641,pptv,King 7s,1个月碎屏保A+（联通）,10260,7
643,华为,荣耀畅玩5C,1个月碎屏保A+（联通）,10260,7
644,华为,荣耀V8,1个月碎屏保A+（联通）,10260,7
645,魅族,魅蓝3S,1个月碎屏保A+（联通）,10260,7
646,小米,红米3S,1个月碎屏保A+（联通）,10260,7
647,乐视,乐2s,1个月碎屏保A+（联通）,10260,7
649,金立,3001,1个月碎屏保A+（联通）,10260,7
650,SONY,Z3c,1个月碎屏保A+（联通）,10260,7
651,美图,M6,1个月碎屏保A+（联通）,10260,7
652,大疆,大疆1,1个月碎屏保A+（联通）,10260,7
653,奇酷,N4,1个月碎屏保A+（联通）,10260,7
654,三星,J3 pro,1个月碎屏保A+（联通）,10260,7
655,Vivo,V7,1个月碎屏保A+（联通）,10260,7
656,OPPO,A59,1个月碎屏保A+（联通）,10260,7
657,小米,2S,1个月碎屏保A+（联通）,10260,7
706,Vivo,X7,1个月碎屏保A+（联通）,10260,7
707,Vivo,X7 plus,1个月碎屏保A+（联通）,10260,7
708,SONY,Z3,1个月碎屏保A+（联通）,10260,7
708,SONY,Z3,1个月碎屏保A+（联通）,10260,7
709,酷派,全魔王,1个月碎屏保A+（联通）,10260,7
711,金立,F100,1个月碎屏保A+（联通）,10260,7
712,苹果,其他,1个月碎屏保A+（联通）,10260,7
713,乐视,其他,1个月碎屏保A+（联通）,10260,7
714,魅族,其他,1个月碎屏保A+（联通）,10260,7
718,三星,GALAXY Wide,1个月碎屏保A+（联通）,10260,7
719,三星,Galaxy J Max,1个月碎屏保A+（联通）,10260,7
721,三星,Galaxy J2(2016),1个月碎屏保A+（联通）,10260,7
722,华为,Mate 8,1个月碎屏保A+（联通）,10260,7
723,三星,GALAXY On5 Pro,1个月碎屏保A+（联通）,10260,7
724,华为,麦芒5,1个月碎屏保A+（联通）,10260,7
725,金立,S6 pro,1个月碎屏保A+（联通）,10260,7
725,金立,S6 Pro,1个月碎屏保A+（联通）,10260,7
726,小米,5s,1个月碎屏保A+（联通）,10260,7
732,努比亚,Z11 Max,1个月碎屏保A+（联通）,10260,7
733,HTC,One M9+,1个月碎屏保A+（联通）,10260,7
735,华为,5A,1个月碎屏保A+（联通）,10260,7
736,华为,M2（8寸）,1个月碎屏保A+（联通）,10260,7
737,长虹,T07,1个月碎屏保A+（联通）,10260,7
740,朵唯,L8 Plus,1个月碎屏保A+（联通）,10260,7
741,欧沃,Q7,1个月碎屏保A+（联通）,10260,7
742,摩托罗拉,xt1115,1个月碎屏保A+（联通）,10260,7
743,华为,荣耀8,1个月碎屏保A+（联通）,10260,7
744,沃普丰,V2星月,1个月碎屏保A+（联通）,10260,7
745,沃普丰,V3星辰,1个月碎屏保A+（联通）,10260,7
746,金立,M6,1个月碎屏保A+（联通）,10260,7
747,小米,3x,1个月碎屏保A+（联通）,10260,7
748,沃普丰,天宏x5,1个月碎屏保A+（联通）,10260,7
749,沃普丰,S2,1个月碎屏保A+（联通）,10260,7
750,脉腾,L-006,1个月碎屏保A+（联通）,10260,7
751,小米,pro,1个月碎屏保A+（联通）,10260,7
753,酷比,X905Q,1个月碎屏保A+（联通）,10260,7
754,努比亚,Z11,1个月碎屏保A+（联通）,10260,7
755,乐视,x900+,1个月碎屏保A+（联通）,10260,7
756,小辣椒,S5,1个月碎屏保A+（联通）,10260,7
757,酷派,Cool 1,1个月碎屏保A+（联通）,10260,7
758,康佳,R5,1个月碎屏保A+（联通）,10260,7
760,魅族,魅蓝E,1个月碎屏保A+（联通）,10260,7
767,金立,M6 Plus,1个月碎屏保A+（联通）,10260,7
769,努比亚,N1,1个月碎屏保A+（联通）,10260,7
778,小天才,Imoo,1个月碎屏保A+（联通）,10260,7
779,酷比,M7Q,1个月碎屏保A+（联通）,10260,7
780,康佳,D557,1个月碎屏保A+（联通）,10260,7
781,康佳,R1,1个月碎屏保A+（联通）,10260,7
782,康佳,R2,1个月碎屏保A+（联通）,10260,7
783,康佳,R3,1个月碎屏保A+（联通）,10260,7
784,海信,F30,1个月碎屏保A+（联通）,10260,7
785,海信,F31,1个月碎屏保A+（联通）,10260,7
786,海信,C1,1个月碎屏保A+（联通）,10260,7
787,海信,E76,1个月碎屏保A+（联通）,10260,7
788,海信,A1,1个月碎屏保A+（联通）,10260,7
789,金立,F306,1个月碎屏保A+（联通）,10260,7
790,华为,3S,1个月碎屏保A+（联通）,10260,7
791,iPad,Ipad 5,1个月碎屏保A+（联通）,10260,7
792,ivvi, sk3-01,1个月碎屏保A+（联通）,10260,7
793,一加,1+3,1个月碎屏保A+（联通）,10260,7
794,摩托罗拉,xt1085,1个月碎屏保A+（联通）,10260,7
795,Vivo,A33,1个月碎屏保A+（联通）,10260,7
796,长虹,T03,1个月碎屏保A+（联通）,10260,7
797,长虹,T06,1个月碎屏保A+（联通）,10260,7
798,波导,M6,1个月碎屏保A+（联通）,10260,7
799,波导,L7 plus,1个月碎屏保A+（联通）,10260,7
800,小米,小米note 低配,1个月碎屏保A+（联通）,10260,7
801,联想,ZUK z1,1个月碎屏保A+（联通）,10260,7
803,TCL,乐玩2C,1个月碎屏保A+（联通）,10260,7
805,奇酷,N4s,1个月碎屏保A+（联通）,10260,7
806,钱脉通,Q8s,1个月碎屏保A+（联通）,10260,7
807,酷比,M1,1个月碎屏保A+（联通）,10260,7
808,酷比,M100,1个月碎屏保A+（联通）,10260,7
809,酷比,M200,1个月碎屏保A+（联通）,10260,7
810,酷比,M5,1个月碎屏保A+（联通）,10260,7
811,酷比,S100,1个月碎屏保A+（联通）,10260,7
813,酷比,S103,1个月碎屏保A+（联通）,10260,7
813,酷比,S103,1个月碎屏保A+（联通）,10260,7
813,酷比,S103,1个月碎屏保A+（联通）,10260,7
814,酷比,S5,1个月碎屏保A+（联通）,10260,7
815,酷比,MAX5,1个月碎屏保A+（联通）,10260,7
816,奥乐,AR7 F ,1个月碎屏保A+（联通）,10260,7
818,奥乐,AR8,1个月碎屏保A+（联通）,10260,7
819,奥乐,AR9 ,1个月碎屏保A+（联通）,10260,7
820,奥乐,AR9 Y,1个月碎屏保A+（联通）,10260,7
821,奥乐,AR1,1个月碎屏保A+（联通）,10260,7
822,小辣椒,S1,1个月碎屏保A+（联通）,10260,7
823,小辣椒,S2,1个月碎屏保A+（联通）,10260,7
824,小辣椒,S3,1个月碎屏保A+（联通）,10260,7
825,小辣椒,S6,1个月碎屏保A+（联通）,10260,7
826,小辣椒,X6,1个月碎屏保A+（联通）,10260,7
827,小辣椒,JD-PLUS,1个月碎屏保A+（联通）,10260,7
828,小辣椒,GM-T1,1个月碎屏保A+（联通）,10260,7
829,小辣椒,JD-T,1个月碎屏保A+（联通）,10260,7
830,波导,L5,1个月碎屏保A+（联通）,10260,7
831,波导,L7,1个月碎屏保A+（联通）,10260,7
832,波导,L9,1个月碎屏保A+（联通）,10260,7
833,维图,GT3,1个月碎屏保A+（联通）,10260,7
834,酷比,M9,1个月碎屏保A+（联通）,10260,7
838,Vivo,Xplay,1个月碎屏保A+（联通）,10260,7
839,三星,Note 2,1个月碎屏保A+（联通）,10260,7
840,华为,M2（10寸）,1个月碎屏保A+（联通）,10260,7
841,小米,Note pro,1个月碎屏保A+（联通）,10260,7
842,联想,Z2 pro,1个月碎屏保A+（联通）,10260,7
843,魅族,U20,1个月碎屏保A+（联通）,10260,7
844,小辣椒,S31,1个月碎屏保A+（联通）,10260,7
845,欧奇,P1,1个月碎屏保A+（联通）,10260,7
846,欧奇,P2,1个月碎屏保A+（联通）,10260,7
847,欧奇,P3,1个月碎屏保A+（联通）,10260,7
848,欧奇,P4,1个月碎屏保A+（联通）,10260,7
849,欧奇,P5,1个月碎屏保A+（联通）,10260,7
850,欧奇,P6,1个月碎屏保A+（联通）,10260,7
851,欧奇,G9,1个月碎屏保A+（联通）,10260,7
852,奥乐,AR2,1个月碎屏保A+（联通）,10260,7
853,欧奇,G6,1个月碎屏保A+（联通）,10260,7
854,欧奇,G7,1个月碎屏保A+（联通）,10260,7
855,诺亚信,X9,1个月碎屏保A+（联通）,10260,7
856,诺亚信,A1,1个月碎屏保A+（联通）,10260,7
857,诺亚信,X7,1个月碎屏保A+（联通）,10260,7
857,诺亚信,X7,1个月碎屏保A+（联通）,10260,7
859,诺亚信,K1,1个月碎屏保A+（联通）,10260,7
860,传奇,M6,1个月碎屏保A+（联通）,10260,7
861,先科,A8,1个月碎屏保A+（联通）,10260,7
862,酷米,K8,1个月碎屏保A+（联通）,10260,7
863,嘉源,V3,1个月碎屏保A+（联通）,10260,7
864,嘉源,A3,1个月碎屏保A+（联通）,10260,7
866,中兴,小鲜四,1个月碎屏保A+（联通）,10260,7
867,ivvi,小骨Pro,1个月碎屏保A+（联通）,10260,7
868,小米,红米 note4,1个月碎屏保A+（联通）,10260,7
869,Sugar,F7,1个月碎屏保A+（联通）,10260,7
870,Sugar,Y7,1个月碎屏保A+（联通）,10260,7
876,联想, Z90-7,1个月碎屏保A+（联通）,10260,7
878,中兴,中兴天机7,1个月碎屏保A+（联通）,10260,7
879,青橙,M4,1个月碎屏保A+（联通）,10260,7
880,魅族,魅蓝 Max,1个月碎屏保A+（联通）,10260,7
881,锤子,T1,1个月碎屏保A+（联通）,10260,7
882,锤子,T2,1个月碎屏保A+（联通）,10260,7
883,小辣椒,X5,1个月碎屏保A+（联通）,10260,7
884,欧奇,金嗓子,1个月碎屏保A+（联通）,10260,7
885,欧奇,大嗓门,1个月碎屏保A+（联通）,10260,7
886,欧奇,G12,1个月碎屏保A+（联通）,10260,7
887,欧奇,S13,1个月碎屏保A+（联通）,10260,7
888,欧奇,OK P3,1个月碎屏保A+（联通）,10260,7
889,欧奇,G5P4,1个月碎屏保A+（联通）,10260,7
890,波导,LT02,1个月碎屏保A+（联通）,10260,7
891,波导,L902,1个月碎屏保A+（联通）,10260,7
892,维图,GT7,1个月碎屏保A+（联通）,10260,7
893,维图,GT9,1个月碎屏保A+（联通）,10260,7
894,维图,GT11,1个月碎屏保A+（联通）,10260,7
895,维图,GT13,1个月碎屏保A+（联通）,10260,7
896,酷比,S200,1个月碎屏保A+（联通）,10260,7
897,维图,H1,1个月碎屏保A+（联通）,10260,7
898,魅族,魅蓝Note,1个月碎屏保A+（联通）,10260,7
899,华为,荣耀畅玩平板note ,1个月碎屏保A+（联通）,10260,7
900,华为,G9 plus,1个月碎屏保A+（联通）,10260,7
901,中兴,a2017,1个月碎屏保A+（联通）,10260,7
903,魅族,U10,1个月碎屏保A+（联通）,10260,7
904,摩托罗拉,XT1635-03,1个月碎屏保A+（联通）,10260,7
905,三星,A5108,1个月碎屏保A+（联通）,10260,7
906,朵唯,A5,1个月碎屏保A+（联通）,10260,7
907,朵唯,A8,1个月碎屏保A+（联通）,10260,7
908,小辣椒,LA5,1个月碎屏保A+（联通）,10260,7
909,三星,G7109,1个月碎屏保A+（联通）,10260,7
910,华为,荣耀note8,1个月碎屏保A+（联通）,10260,7
911,小米,红米pro,1个月碎屏保A+（联通）,10260,7
912,摩托罗拉,Z play,1个月碎屏保A+（联通）,10260,7
913,金立,大金刚,1个月碎屏保A+（联通）,10260,7
914,三星,三星GALAXY Tab S,1个月碎屏保A+（联通）,10260,7
926,E派,T3582,1个月碎屏保A+（联通）,10260,7
927,华为,荣耀x3,1个月碎屏保A+（联通）,10260,7
934,华为,3x,1个月碎屏保A+（联通）,10260,7
935,乐视,pro 3,1个月碎屏保A+（联通）,10260,7
936,华为,荣耀3c,1个月碎屏保A+（联通）,10260,7
937,小米,米2,1个月碎屏保A+（联通）,10260,7
938,魅族,mx6,1个月碎屏保A+（联通）,10260,7
939,酷派,大神Note,1个月碎屏保A+（联通）,10260,7
940,OPPO,A59 s,1个月碎屏保A+（联通）,10260,7
941,摩托罗拉,Moto z,1个月碎屏保A+（联通）,10260,7
942,康佳,R6,1个月碎屏保A+（联通）,10260,7
943,康佳,R7,1个月碎屏保A+（联通）,10260,7
944,康佳,S2,1个月碎屏保A+（联通）,10260,7
945,康佳,S3,1个月碎屏保A+（联通）,10260,7
946,ivvi, 小i,1个月碎屏保A+（联通）,10260,7
947,ivvi,K2,1个月碎屏保A+（联通）,10260,7
948,ivvi,S6,1个月碎屏保A+（联通）,10260,7
949,ivvi,K1,1个月碎屏保A+（联通）,10260,7
950,华为,Nova,1个月碎屏保A+（联通）,10260,7
951,联想,3900D,1个月碎屏保A+（联通）,10260,7
953,华为,畅玩5,1个月碎屏保A+（联通）,10260,7
954,Vivo,y55,1个月碎屏保A+（联通）,10260,7
955,OPPO,R9s,1个月碎屏保A+（联通）,10260,7
956,OPPO,R9s plus,1个月碎屏保A+（联通）,10260,7
958,华为,荣耀X1 ,1个月碎屏保A+（联通）,10260,7
960,三星,g9198,1个月碎屏保A+（联通）,10260,7
961,奇酷,奇酷360手机,1个月碎屏保A+（联通）,10260,7
962,蓝魔,Mos1 max,1个月碎屏保A+（联通）,10260,7
963,小米,note 2,1个月碎屏保A+（联通）,10260,7
964,中兴,910,1个月碎屏保A+（联通）,10260,7
965,华为,畅想6,1个月碎屏保A+（联通）,10260,7
966,华为,荣耀畅玩6x,1个月碎屏保A+（联通）,10260,7
967,联想,zuk  z2,1个月碎屏保A+（联通）,10260,7
968,金立,F100s,1个月碎屏保A+（联通）,10260,7
969,三星,2016版GALAXY On5,1个月碎屏保A+（联通）,10260,7
970,诺亚信,K3,1个月碎屏保A+（联通）,10260,7
972,小米,5s plus,1个月碎屏保A+（联通）,10260,7
973,锤子,M1,1个月碎屏保A+（联通）,10260,7
974,锤子,M1L,1个月碎屏保A+（联通）,10260,7
975,蓝博兴,L8201 ,1个月碎屏保A+（联通）,10260,7
976,TCL,750,1个月碎屏保A+（联通）,10260,7
977,TCL,580,1个月碎屏保A+（联通）,10260,7
978,米歌,210A,1个月碎屏保A+（联通）,10260,7
979,华为,M3,1个月碎屏保A+（联通）,10260,7
980,HTC,D10W,1个月碎屏保A+（联通）,10260,7
981,魅族,魅蓝5 ,1个月碎屏保A+（联通）,10260,7
982,华为,Mate 9,1个月碎屏保A+（联通）,10260,7
983,乐视,cool,1个月碎屏保A+（联通）,10260,7
986,Vivo,x9,1个月碎屏保A+（联通）,10260,7
988,飞利浦,S226M,1个月碎屏保A+（联通）,10260,7
989,金立,M5,1个月碎屏保A+（联通）,10260,7
990,沃普丰,V3视界?,1个月碎屏保A+（联通）,10260,7
991,沃普丰,V3极光,1个月碎屏保A+（联通）,10260,7
992,沃普丰,V2大喇叭,1个月碎屏保A+（联通）,10260,7
993,沃普丰,V6 plus,1个月碎屏保A+（联通）,10260,7
994,沃普丰,s2钻石,1个月碎屏保A+（联通）,10260,7
995,沃普丰,s2大麦,1个月碎屏保A+（联通）,10260,7
996,沃普丰,v2 金钻,1个月碎屏保A+（联通）,10260,7
997,沃普丰,v2 活跃,1个月碎屏保A+（联通）,10260,7
998,ivvi,小骨max,1个月碎屏保A+（联通）,10260,7
1000,中兴,远航4,1个月碎屏保A+（联通）,10260,7
1001,海信, f20t ,1个月碎屏保A+（联通）,10260,7
1002,三星,GALAXY C9 Pro,1个月碎屏保A+（联通）,10260,7
1003,朵唯,M2,1个月碎屏保A+（联通）,10260,7
1004,Vivo,y18,1个月碎屏保A+（联通）,10260,7
1005,摩托罗拉,xt1581,1个月碎屏保A+（联通）,10260,7
1006,魅族,pro 6 plus ,1个月碎屏保A+（联通）,10260,7
1007,三星,2016版GALAXY On7,1个月碎屏保A+（联通）,10260,7
1008,奥洛斯,G19 ,1个月碎屏保A+（联通）,10260,7
1009,小米,红米4,1个月碎屏保A+（联通）,10260,7
1037,OPPO,A57,1个月碎屏保A+（联通）,10260,7
1038,COMIO卡美欧,R1,1个月碎屏保A+（联通）,10260,7
1039,金立,5003,1个月碎屏保A+（联通）,10260,7
1040,三星,GALAXY Tab A 9.7（T555C）,1个月碎屏保A+（联通）,10260,7
1041,小辣椒,S33,1个月碎屏保A+（联通）,10260,7
1042,小辣椒,X7,1个月碎屏保A+（联通）,10260,7
1043,摩托罗拉,xt1662,1个月碎屏保A+（联通）,10260,7
1044,欧奇,黑牛P2金嗓子,1个月碎屏保A+（联通）,10260,7
1046,ivvi,i3 play,1个月碎屏保A+（联通）,10260,7
1047,小米,红米4A,1个月碎屏保A+（联通）,10260,7
1048,三星,GALAXY C9,1个月碎屏保A+（联通）,10260,7
1049,金立,S9,1个月碎屏保A+（联通）,10260,7
1052,E派,5583,1个月碎屏保A+（联通）,10260,7
1053,努比亚,Z11mini S,1个月碎屏保A+（联通）,10260,7
1054,百利丰,T3,1个月碎屏保A+（联通）,10260,7
1055,百利丰,T7,1个月碎屏保A+（联通）,10260,7
1056,百利丰,T9,1个月碎屏保A+（联通）,10260,7
1057,OPPO,a59 m,1个月碎屏保A+（联通）,10260,7
1058,小辣椒,X1,1个月碎屏保A+（联通）,10260,7
1059,金立,S5,1个月碎屏保A+（联通）,10260,7
1060,乐视,乐S3,1个月碎屏保A+（联通）,10260,7
1062,小米,MIX,1个月碎屏保A+（联通）,10260,7
1063,三星, C9,1个月碎屏保A+（联通）,10260,7
1064,欧亚信,MX6,1个月碎屏保A+（联通）,10260,7
1065,三星,C5000,1个月碎屏保A+（联通）,10260,7
1066,三星,SM-C7000,1个月碎屏保A+（联通）,10260,7
1067,魅族,魅蓝x,1个月碎屏保A+（联通）,10260,7
1068,魅族,魅蓝 note5,1个月碎屏保A+（联通）,10260,7
1069,Vivo,y67,1个月碎屏保A+（联通）,10260,7
1070,TCL,550,1个月碎屏保A+（联通）,10260,7
1071,TCL,520,1个月碎屏保A+（联通）,10260,7
1072,小辣椒,x6 pro,1个月碎屏保A+（联通）,10260,7
1073,奇酷,Q5 plus,1个月碎屏保A+（联通）,10260,7
1074,奇酷,F4s,1个月碎屏保A+（联通）,10260,7
1075,小辣椒,x3,1个月碎屏保A+（联通）,10260,7
1076,天语,X7pro,1个月碎屏保A+（联通）,10260,7
1078,乐视,X528,1个月碎屏保A+（联通）,10260,7
1079,OPPO,R8007,1个月碎屏保A+（联通）,10260,7
1080,康佳,R8,1个月碎屏保A+（联通）,10260,7
1081,华为,iPad 2,1个月碎屏保A+（联通）,10260,7
1082,iPad,iPad 2,1个月碎屏保A+（联通）,10260,7
1084,诺亚信, MX6,1个月碎屏保A+（联通）,10260,7
1085,酷派,cool1 dual,1个月碎屏保A+（联通）,10260,7
1087,Vivo,y66,1个月碎屏保A+（联通）,10260,7
1089,朵唯,L9,1个月碎屏保A+（联通）,10260,7
1090,三星,三星g5309,1个月碎屏保A+（联通）,10260,7
1091,三星,g5309,1个月碎屏保A+（联通）,10260,7
1092,8848,m2,1个月碎屏保A+（联通）,10260,7
1093,乐视,X900,1个月碎屏保A+（联通）,10260,7
1094,酷比,A3,1个月碎屏保A+（联通）,10260,7
1095,朵唯,L9mini,1个月碎屏保A+（联通）,10260,7
1097,华硕,电神5000,1个月碎屏保A+（联通）,10260,7
1098,乐视,x820,1个月碎屏保A+（联通）,10260,7
1099,海信,f22,1个月碎屏保A+（联通）,10260,7
1100,美图,m6s,1个月碎屏保A+（联通）,10260,7
1101,华为,畅享6S ,1个月碎屏保A+（联通）,10260,7
1102,Vivo,  immo,1个月碎屏保A+（联通）,10260,7
1105,华为,A1,1个月碎屏保A+（联通）,10260,7
1107,魅族,pro 6s,1个月碎屏保A+（联通）,10260,7
1108,华为,G9,1个月碎屏保A+（联通）,10260,7
1109,中兴,V7 MAX,1个月碎屏保A+（联通）,10260,7
1111,乐酷,乐1,1个月碎屏保A+（联通）,10260,7
1113,摩托罗拉,x pro,1个月碎屏保A+（联通）,10260,7
1116,沃普丰,V1大众,1个月碎屏保A+（联通）,10260,7
1117,沃普丰,V1精灵,1个月碎屏保A+（联通）,10260,7
1118,沃普丰,V2钻石,1个月碎屏保A+（联通）,10260,7
1119,沃普丰,V2战神,1个月碎屏保A+（联通）,10260,7
1121,沃普丰,V2PLUS,1个月碎屏保A+（联通）,10260,7
1123,沃普丰,V3星月,1个月碎屏保A+（联通）,10260,7
1125,沃普丰,V3星光,1个月碎屏保A+（联通）,10260,7
1126,沃普丰,V3大麦,1个月碎屏保A+（联通）,10260,7
1128,长虹,H9,1个月碎屏保A+（联通）,10260,7
1130,金立,GN5005,1个月碎屏保A+（联通）,10260,7
1131,联想,750p,1个月碎屏保A+（联通）,10260,7
1132,OPPO,r9sk,1个月碎屏保A+（联通）,10260,7
1133,三星,G5200,1个月碎屏保A+（联通）,10260,7
1134,中兴,A910,1个月碎屏保A+（联通）,10260,7
1135,酷派,s1,1个月碎屏保A+（联通）,10260,7
1136,酷派,c105-6,1个月碎屏保A+（联通）,10260,7
1137,中兴,C2016 ,1个月碎屏保A+（联通）,10260,7
1139,一加,1+1,1个月碎屏保A+（联通）,10260,7
1140,中兴,c2017,1个月碎屏保A+（联通）,10260,7
1141,海信,e76mini,1个月碎屏保A+（联通）,10260,7
1142,海信,f23,1个月碎屏保A+（联通）,10260,7
1143,长虹,P06,1个月碎屏保A+（联通）,10260,7
1144,小辣椒,  NX,1个月碎屏保A+（联通）,10260,7
1145,华为,畅想6s,1个月碎屏保A+（联通）,10260,7
1146,OPPO,R1S,1个月碎屏保A+（联通）,10260,7
1147,三星,G 6100,1个月碎屏保A+（联通）,10260,7
1148,联想,p1,1个月碎屏保A+（联通）,10260,7
1149,长虹,s06,1个月碎屏保A+（联通）,10260,7
1150,华硕,M2,1个月碎屏保A+（联通）,10260,7
1151,华硕,飞马3,1个月碎屏保A+（联通）,10260,7
1152,联想,VIBE P2,1个月碎屏保A+（联通）,10260,7
1153,中兴,BA910,1个月碎屏保A+（联通）,10260,7
1154,金立,金钢2,1个月碎屏保A+（联通）,10260,7
1156,华硕,Zenfone 3,1个月碎屏保A+（联通）,10260,7
1157,摩托罗拉,Moto_M,1个月碎屏保A+（联通）,10260,7
1158,长虹,长虹S01,1个月碎屏保A+（联通）,10260,7
1159,SONY,z5,1个月碎屏保A+（联通）,10260,7
1160,联想,联想P1c72 ,1个月碎屏保A+（联通）,10260,7
1161,TCL,950,1个月碎屏保A+（联通）,10260,7
1162,中兴,远航   4S,1个月碎屏保A+（联通）,10260,7
1163,Vivo, X9 Plus,1个月碎屏保A+（联通）,10260,7
1164,三星,g1600,1个月碎屏保A+（联通）,10260,7
1166,朵唯,V3,1个月碎屏保A+（联通）,10260,7
1167,长虹,S08,1个月碎屏保A+（联通）,10260,7
1168,长虹,P01,1个月碎屏保A+（联通）,10260,7
1169,海信,E81,1个月碎屏保A+（联通）,10260,7
1170,ivvi,i3 新春版,1个月碎屏保A+（联通）,10260,7
1171,ivvi,i3新春版,1个月碎屏保A+（联通）,10260,7
1172,康佳,R9 ,1个月碎屏保A+（联通）,10260,7
1173,华为,G9青春版,1个月碎屏保A+（联通）,10260,7
1174,Vivo,Y55L   ,1个月碎屏保A+（联通）,10260,7
1175,金立,F5,1个月碎屏保A+（联通）,10260,7
1176,金立,F106,1个月碎屏保A+（联通）,10260,7
1178,Sugar,F7 mini,1个月碎屏保A+（联通）,10260,7
1179,华为,荣耀平板,1个月碎屏保A+（联通）,10260,7
1180,Sugar,S9,1个月碎屏保A+（联通）,10260,7
1181,华为,荣耀平板2,1个月碎屏保A+（联通）,10260,7
1182,酷比,S106,1个月碎屏保A+（联通）,10260,7
1183,ivvi,小I PIUS,1个月碎屏保A+（联通）,10260,7
1184,华硕,飞马5000,1个月碎屏保A+（联通）,10260,7
1185,华硕,ZenFone2,1个月碎屏保A+（联通）,10260,7
1186,华为,荣耀T1 10,1个月碎屏保A+（联通）,10260,7
1187,酷比,M9 Plus,1个月碎屏保A+（联通）,10260,7
1188,华为,M2（7寸）,1个月碎屏保A+（联通）,10260,7
1189,三星,GALAXY C7 Pro,1个月碎屏保A+（联通）,10260,7
1193,华为,荣耀Magic,1个月碎屏保A+（联通）,10260,7
1196,一加,1+3T ,1个月碎屏保A+（联通）,10260,7
1200,华为,荣耀V9,1个月碎屏保A+（联通）,10260,7
1201,酷派,大神1S,1个月碎屏保A+（联通）,10260,7
1202,魅族,魅蓝5s,1个月碎屏保A+（联通）,10260,7
1203,美图,T8,1个月碎屏保A+（联通）,10260,7
1204,飞利浦,V800,1个月碎屏保A+（联通）,10260,7
1206,联想,Phab2 plus,1个月碎屏保A+（联通）,10260,7
1207,中兴,天机7 Max,1个月碎屏保A+（联通）,10260,7
1212,华为,荣耀8 青春版,1个月碎屏保A+（联通）,10260,7
1215,海信,C20s,1个月碎屏保A+（联通）,10260,7
1216,长虹,X11,1个月碎屏保A+（联通）,10260,7
1217,长虹,X1,1个月碎屏保A+（联通）,10260,7
1220,Sugar,SUGAR F7 mini,1个月碎屏保A+（联通）,10260,7
1221,中国移动,M631,1个月碎屏保A+（联通）,10260,7
1222,中国移动,M636,1个月碎屏保A+（联通）,10260,7
1223,中国移动,M823,1个月碎屏保A+（联通）,10260,7
1224,中国移动,M821,1个月碎屏保A+（联通）,10260,7
1225,中国移动,M623c,1个月碎屏保A+（联通）,10260,7
1226,中国移动,M836,1个月碎屏保A+（联通）,10260,7
1227,小辣椒,小辣椒7,1个月碎屏保A+（联通）,10260,7
1229,小米,5c,1个月碎屏保A+（联通）,10260,7
1230,三星,Galaxy Folder,1个月碎屏保A+（联通）,10260,7
1231,长虹,S03,1个月碎屏保A+（联通）,10260,7
1233,中国移动,优购T9,1个月碎屏保A+（联通）,10260,7
1236,中兴,中兴Blade,1个月碎屏保A+（联通）,10260,7
52,小米,4c,3个月碎屏保A+（联通）,10261,7
53,小米,红米Note,3个月碎屏保A+（联通）,10261,7
54,苹果,iPhone5S,3个月碎屏保A+（联通）,10261,7
55,苹果,iPhone 5C,3个月碎屏保A+（联通）,10261,7
57,苹果,iPhone 5,3个月碎屏保A+（联通）,10261,7
58,苹果,iPhone 4S,3个月碎屏保A+（联通）,10261,7
64,小米,米3,3个月碎屏保A+（联通）,10261,7
65,三星,Note 4,3个月碎屏保A+（联通）,10261,7
66,三星,Note 3,3个月碎屏保A+（联通）,10261,7
67,三星,S4,3个月碎屏保A+（联通）,10261,7
68,三星,S5,3个月碎屏保A+（联通）,10261,7
69,三星,S6,3个月碎屏保A+（联通）,10261,7
70,三星,S6 Edge,3个月碎屏保A+（联通）,10261,7
71,三星,A7,3个月碎屏保A+（联通）,10261,7
72,三星,A5,3个月碎屏保A+（联通）,10261,7
73,三星,A8,3个月碎屏保A+（联通）,10261,7
74,三星,E7,3个月碎屏保A+（联通）,10261,7
75,三星,A3,3个月碎屏保A+（联通）,10261,7
76,三星,J5008,3个月碎屏保A+（联通）,10261,7
77,三星,J7008,3个月碎屏保A+（联通）,10261,7
78,三星,G5109,3个月碎屏保A+（联通）,10261,7
80,三星,GALAXY Mega 2,3个月碎屏保A+（联通）,10261,7
81,三星,Note5,3个月碎屏保A+（联通）,10261,7
82,三星,Note EDGE,3个月碎屏保A+（联通）,10261,7
83,三星,Galaxy Active Neo,3个月碎屏保A+（联通）,10261,7
84,OPPO,R7S,3个月碎屏保A+（联通）,10261,7
85,OPPO,R7 plus,3个月碎屏保A+（联通）,10261,7
86,OPPO,R1C,3个月碎屏保A+（联通）,10261,7
87,OPPO,R7,3个月碎屏保A+（联通）,10261,7
88,OPPO,A31,3个月碎屏保A+（联通）,10261,7
89,OPPO,A51KC,3个月碎屏保A+（联通）,10261,7
90,OPPO,R3005,3个月碎屏保A+（联通）,10261,7
92,OPPO,R3,3个月碎屏保A+（联通）,10261,7
93,OPPO,N3,3个月碎屏保A+（联通）,10261,7
94,OPPO,R5,3个月碎屏保A+（联通）,10261,7
95,酷派,大神x7,3个月碎屏保A+（联通）,10261,7
96,酷派,锋尚pro,3个月碎屏保A+（联通）,10261,7
98,酷派,铂顿,3个月碎屏保A+（联通）,10261,7
99,中兴,Q801u,3个月碎屏保A+（联通）,10261,7
100,中兴,axon天机至尊版,3个月碎屏保A+（联通）,10261,7
101,TCL,S830u,3个月碎屏保A+（联通）,10261,7
102,TCL,J730u,3个月碎屏保A+（联通）,10261,7
103,魅族,Pro5,3个月碎屏保A+（联通）,10261,7
104,魅族,MX5,3个月碎屏保A+（联通）,10261,7
105,魅族,MX4 Pro,3个月碎屏保A+（联通）,10261,7
106,魅族,魅族Note,3个月碎屏保A+（联通）,10261,7
107,魅族,魅蓝note2,3个月碎屏保A+（联通）,10261,7
116,华为,Mate 7,3个月碎屏保A+（联通）,10261,7
117,华为,荣耀4,3个月碎屏保A+（联通）,10261,7
118,华为,麦芒4,3个月碎屏保A+（联通）,10261,7
119,华为,荣耀7,3个月碎屏保A+（联通）,10261,7
120,华为,Mate S,3个月碎屏保A+（联通）,10261,7
122,华为,P6,3个月碎屏保A+（联通）,10261,7
123,华为,荣耀7 plus,3个月碎屏保A+（联通）,10261,7
124,华为,荣耀7i,3个月碎屏保A+（联通）,10261,7
125,华为,P8,3个月碎屏保A+（联通）,10261,7
126,华为,P8青春版,3个月碎屏保A+（联通）,10261,7
127,华为,C199,3个月碎屏保A+（联通）,10261,7
129,华为,荣耀4c,3个月碎屏保A+（联通）,10261,7
130,华为,荣耀 6 Plus,3个月碎屏保A+（联通）,10261,7
131,华为,荣耀 6,3个月碎屏保A+（联通）,10261,7
132,华为,荣耀4x,3个月碎屏保A+（联通）,10261,7
133,华为,P8 MAX,3个月碎屏保A+（联通）,10261,7
134,HTC,M8,3个月碎屏保A+（联通）,10261,7
135,HTC,M9,3个月碎屏保A+（联通）,10261,7
136,HTC,M9+,3个月碎屏保A+（联通）,10261,7
137,HTC,E9,3个月碎屏保A+（联通）,10261,7
138,HTC,E9+,3个月碎屏保A+（联通）,10261,7
139,HTC,826,3个月碎屏保A+（联通）,10261,7
140,HTC,820,3个月碎屏保A+（联通）,10261,7
141,HTC,626,3个月碎屏保A+（联通）,10261,7
142,Vivo,X5Pro,3个月碎屏保A+（联通）,10261,7
143,Vivo,Y927,3个月碎屏保A+（联通）,10261,7
144,Vivo,Y29L,3个月碎屏保A+（联通）,10261,7
145,Vivo,Y33,3个月碎屏保A+（联通）,10261,7
146,Vivo,Y37L,3个月碎屏保A+（联通）,10261,7
147,Vivo,X5max+,3个月碎屏保A+（联通）,10261,7
148,Vivo,X5max,3个月碎屏保A+（联通）,10261,7
149,Vivo,X5(V，S，L，F),3个月碎屏保A+（联通）,10261,7
150,Vivo,Xplay3s,3个月碎屏保A+（联通）,10261,7
151,Vivo,X5 M,3个月碎屏保A+（联通）,10261,7
152,Ipad,iPad  mini4,3个月碎屏保A+（联通）,10261,7
153,Ipad,iPad Air 2,3个月碎屏保A+（联通）,10261,7
154,Ipad,iPad Air,3个月碎屏保A+（联通）,10261,7
155,iPad,iPad 4,3个月碎屏保A+（联通）,10261,7
156,iPad,iPad Mini 3,3个月碎屏保A+（联通）,10261,7
157,iPad,iPad Mini 2,3个月碎屏保A+（联通）,10261,7
158,iPad,iPad Mini,3个月碎屏保A+（联通）,10261,7
179,HTC,816,3个月碎屏保A+（联通）,10261,7
180,HTC,One M9e,3个月碎屏保A+（联通）,10261,7
181,HTC,One M9s,3个月碎屏保A+（联通）,10261,7
182,HTC,E8,3个月碎屏保A+（联通）,10261,7
183,OPPO,Find 5,3个月碎屏保A+（联通）,10261,7
184,OPPO,Find 7,3个月碎屏保A+（联通）,10261,7
185,Vivo,Xshot,3个月碎屏保A+（联通）,10261,7
187,Vivo,X6,3个月碎屏保A+（联通）,10261,7
188,Vivo,Y923,3个月碎屏保A+（联通）,10261,7
191,三星,Galaxy On5,3个月碎屏保A+（联通）,10261,7
192,三星,Galaxy On7,3个月碎屏保A+（联通）,10261,7
195,华为,荣耀畅玩5X,3个月碎屏保A+（联通）,10261,7
196,华为,G7-Plus,3个月碎屏保A+（联通）,10261,7
198,小米,红米NOTE3,3个月碎屏保A+（联通）,10261,7
199,小米,米4,3个月碎屏保A+（联通）,10261,7
200,酷派,5313S,3个月碎屏保A+（联通）,10261,7
201,酷派,锋尚Air,3个月碎屏保A+（联通）,10261,7
202,酷派,锋尚2,3个月碎屏保A+（联通）,10261,7
203,酷派,K1,3个月碎屏保A+（联通）,10261,7
204,酷派,大神F1,3个月碎屏保A+（联通）,10261,7
205,酷派,大神F2,3个月碎屏保A+（联通）,10261,7
206,酷派,Rogue,3个月碎屏保A+（联通）,10261,7
207,魅族,魅蓝note3,3个月碎屏保A+（联通）,10261,7
208,魅族,魅蓝2,3个月碎屏保A+（联通）,10261,7
209,魅族,MX4,3个月碎屏保A+（联通）,10261,7
212,乐视,乐Max,3个月碎屏保A+（联通）,10261,7
213,乐视,乐1 Pro,3个月碎屏保A+（联通）,10261,7
214,乐视,乐1S,3个月碎屏保A+（联通）,10261,7
215,三星,其他,3个月碎屏保A+（联通）,10261,7
217,OPPO,其他,3个月碎屏保A+（联通）,10261,7
218,Vivo,其他,3个月碎屏保A+（联通）,10261,7
219,华为,其他,3个月碎屏保A+（联通）,10261,7
221,小米,其他,3个月碎屏保A+（联通）,10261,7
222,联通沃保,包年,3个月碎屏保A+（联通）,10261,7
223,联通沃保,包月,3个月碎屏保A+（联通）,10261,7
224,中兴,小鲜3,3个月碎屏保A+（联通）,10261,7
226,金立,S6,3个月碎屏保A+（联通）,10261,7
227,金立,M5高配版,3个月碎屏保A+（联通）,10261,7
228,金立,W900s,3个月碎屏保A+（联通）,10261,7
229,金立,E8,3个月碎屏保A+（联通）,10261,7
230,金立,F303,3个月碎屏保A+（联通）,10261,7
231,金立,S5.1 Pro,3个月碎屏保A+（联通）,10261,7
232,金立,GNM5,3个月碎屏保A+（联通）,10261,7
233,金立,M3,3个月碎屏保A+（联通）,10261,7
234,金立,GNV188,3个月碎屏保A+（联通）,10261,7
235,HTC,A9w,3个月碎屏保A+（联通）,10261,7
236,Vivo,X6 plus,3个月碎屏保A+（联通）,10261,7
237,Vivo,Max v,3个月碎屏保A+（联通）,10261,7
238,Vivo,937,3个月碎屏保A+（联通）,10261,7
239,Vivo,Y35,3个月碎屏保A+（联通）,10261,7
240,Vivo,Y35a,3个月碎屏保A+（联通）,10261,7
241,Vivo,Y51,3个月碎屏保A+（联通）,10261,7
242,Vivo,Y51 a,3个月碎屏保A+（联通）,10261,7
243,Vivo,X6 plus v,3个月碎屏保A+（联通）,10261,7
244,OPPO,R7c,3个月碎屏保A+（联通）,10261,7
245,OPPO,A31c,3个月碎屏保A+（联通）,10261,7
246,OPPO,A33,3个月碎屏保A+（联通）,10261,7
247,OPPO,A33 m,3个月碎屏保A+（联通）,10261,7
248,OPPO,A51,3个月碎屏保A+（联通）,10261,7
249,OPPO,R7s m,3个月碎屏保A+（联通）,10261,7
250,OPPO,R7plus m,3个月碎屏保A+（联通）,10261,7
251,OPPO,R7s plus,3个月碎屏保A+（联通）,10261,7
252,OPPO,R7 plus m+,3个月碎屏保A+（联通）,10261,7
253,OPPO,A53,3个月碎屏保A+（联通）,10261,7
254,华为,畅想5,3个月碎屏保A+（联通）,10261,7
255,华为,畅想5s,3个月碎屏保A+（联通）,10261,7
256,摩托罗拉,xt 1570,3个月碎屏保A+（联通）,10261,7
257,三星,GALAXY A5,3个月碎屏保A+（联通）,10261,7
258,三星,A9000,3个月碎屏保A+（联通）,10261,7
269,小米,米5,3个月碎屏保A+（联通）,10261,7
270,三星,G7200,3个月碎屏保A+（联通）,10261,7
271,Vivo,Y623,3个月碎屏保A+（联通）,10261,7
272,华为,Ascend G7,3个月碎屏保A+（联通）,10261,7
273,魅族,MX3,3个月碎屏保A+（联通）,10261,7
274,中兴,G720c,3个月碎屏保A+（联通）,10261,7
275,尚峰,S6,3个月碎屏保A+（联通）,10261,7
276,酷比,H3,3个月碎屏保A+（联通）,10261,7
277,OPPO,A30,3个月碎屏保A+（联通）,10261,7
278,联想,乐檬X3,3个月碎屏保A+（联通）,10261,7
280,HTC,X9,3个月碎屏保A+（联通）,10261,7
281,小米,2A,3个月碎屏保A+（联通）,10261,7
282,酷比,T520,3个月碎屏保A+（联通）,10261,7
283,酷比,X7,3个月碎屏保A+（联通）,10261,7
284,酷比,M2,3个月碎屏保A+（联通）,10261,7
285,酷比,M3,3个月碎屏保A+（联通）,10261,7
286,酷比,S2,3个月碎屏保A+（联通）,10261,7
287,酷比,X903S,3个月碎屏保A+（联通）,10261,7
288,酷比,H1S,3个月碎屏保A+（联通）,10261,7
289,酷比,H2,3个月碎屏保A+（联通）,10261,7
290,酷比,M1L,3个月碎屏保A+（联通）,10261,7
291,酷比,S3,3个月碎屏保A+（联通）,10261,7
292,酷比,H6,3个月碎屏保A+（联通）,10261,7
293,酷比,S6,3个月碎屏保A+（联通）,10261,7
294,酷比,H5,3个月碎屏保A+（联通）,10261,7
295,酷比,H7,3个月碎屏保A+（联通）,10261,7
296,奥乐,AR5,3个月碎屏保A+（联通）,10261,7
297,三星,G5500,3个月碎屏保A+（联通）,10261,7
298,三星,Galaxy J3,3个月碎屏保A+（联通）,10261,7
299,酷派,锋尚MAX,3个月碎屏保A+（联通）,10261,7
300,魅族,魅蓝,3个月碎屏保A+（联通）,10261,7
301,联想,PHAB,3个月碎屏保A+（联通）,10261,7
302,联想,乐檬K5 Note,3个月碎屏保A+（联通）,10261,7
303,联想,VIBE Shot,3个月碎屏保A+（联通）,10261,7
304,联想,VIBE Z2 ,3个月碎屏保A+（联通）,10261,7
305,三星,Galaxy J7,3个月碎屏保A+（联通）,10261,7
306,联想,PHAB Plus,3个月碎屏保A+（联通）,10261,7
307,联想,K80,3个月碎屏保A+（联通）,10261,7
308,联想,VIBE Z2w,3个月碎屏保A+（联通）,10261,7
309,联想,笋尖S60t,3个月碎屏保A+（联通）,10261,7
310,联想,乐檬K3,3个月碎屏保A+（联通）,10261,7
311,三星,GALAXY K Zoom,3个月碎屏保A+（联通）,10261,7
313,联想,黄金斗士A8,3个月碎屏保A+（联通）,10261,7
314,三星,Galaxy Note 3 Lite,3个月碎屏保A+（联通）,10261,7
315,三星,Galaxy Grand 2,3个月碎屏保A+（联通）,10261,7
316,三星,Galaxy Core Max,3个月碎屏保A+（联通）,10261,7
317,三星,Galaxy Core Prime,3个月碎屏保A+（联通）,10261,7
318,金立,M5 Plus,3个月碎屏保A+（联通）,10261,7
318,金立,M5 Plus,3个月碎屏保A+（联通）,10261,7
319,三星,Galaxy Grand Prime,3个月碎屏保A+（联通）,10261,7
320,朵唯,L5 Plus,3个月碎屏保A+（联通）,10261,7
321,朵唯,L5 Pro,3个月碎屏保A+（联通）,10261,7
322,三星,G3818,3个月碎屏保A+（联通）,10261,7
324,三星,Galsxy Mega Plus,3个月碎屏保A+（联通）,10261,7
325,三星,G3588V,3个月碎屏保A+（联通）,10261,7
326,联想,乐檬K3 Note,3个月碎屏保A+（联通）,10261,7
328,小米,红米Note2,3个月碎屏保A+（联通）,10261,7
330,联想,A788t,3个月碎屏保A+（联通）,10261,7
331,联想,黄金斗士S8,3个月碎屏保A+（联通）,10261,7
332,联想,S810t,3个月碎屏保A+（联通）,10261,7
333,小米,红米1S,3个月碎屏保A+（联通）,10261,7
334,联想,黄金斗士Note8,3个月碎屏保A+（联通）,10261,7
335,小米,红米2,3个月碎屏保A+（联通）,10261,7
336,联想,黄金斗士S8畅玩,3个月碎屏保A+（联通）,10261,7
337,联想,笋尖S90,3个月碎屏保A+（联通）,10261,7
338,中兴,威武3,3个月碎屏保A+（联通）,10261,7
339,中兴,星星2号,3个月碎屏保A+（联通）,10261,7
340,中兴,Geek,3个月碎屏保A+（联通）,10261,7
341,中兴,星星2号活力版,3个月碎屏保A+（联通）,10261,7
342,OPPO,R6007,3个月碎屏保A+（联通）,10261,7
345,中兴,V5S,3个月碎屏保A+（联通）,10261,7
346,中兴,Blade A1,3个月碎屏保A+（联通）,10261,7
347,中兴,A880,3个月碎屏保A+（联通）,10261,7
348,OPPO,3007,3个月碎屏保A+（联通）,10261,7
349,中兴,小鲜2,3个月碎屏保A+（联通）,10261,7
350,中兴,V5,3个月碎屏保A+（联通）,10261,7
351,中兴,V5 MAX,3个月碎屏保A+（联通）,10261,7
352,中兴,青漾2,3个月碎屏保A+（联通）,10261,7
353,OPPO,3000,3个月碎屏保A+（联通）,10261,7
354,中兴,Grand Memo,3个月碎屏保A+（联通）,10261,7
355,中兴,星星1号,3个月碎屏保A+（联通）,10261,7
356,中兴,Blade S6 Lux,3个月碎屏保A+（联通）,10261,7
357,OPPO,R831T,3个月碎屏保A+（联通）,10261,7
358,中兴,Memo 5S,3个月碎屏保A+（联通）,10261,7
361,中兴,U960E,3个月碎屏保A+（联通）,10261,7
362,中兴,中兴醉享,3个月碎屏保A+（联通）,10261,7
363,中兴,Q7-C,3个月碎屏保A+（联通）,10261,7
364,中兴,Blade S6,3个月碎屏保A+（联通）,10261,7
365,中兴,DM ,3个月碎屏保A+（联通）,10261,7
366,OPPO, R831S,3个月碎屏保A+（联通）,10261,7
367,OPPO,A11,3个月碎屏保A+（联通）,10261,7
368,奇酷,青春版,3个月碎屏保A+（联通）,10261,7
369,OPPO,1105,3个月碎屏保A+（联通）,10261,7
370,OPPO,1100,3个月碎屏保A+（联通）,10261,7
371,Vivo,Y27,3个月碎屏保A+（联通）,10261,7
372,Vivo,X3V,3个月碎屏保A+（联通）,10261,7
373,Vivo,X3F,3个月碎屏保A+（联通）,10261,7
374,Vivo,Y23L,3个月碎屏保A+（联通）,10261,7
375,Vivo,Y13iL,3个月碎屏保A+（联通）,10261,7
376,Vivo,Y31A,3个月碎屏保A+（联通）,10261,7
377,华为,Ascend P7,3个月碎屏保A+（联通）,10261,7
378,华为,Mate 2,3个月碎屏保A+（联通）,10261,7
379,华为,B199,3个月碎屏保A+（联通）,10261,7
380,锤子科技,坚果手机,3个月碎屏保A+（联通）,10261,7
381,锤子科技,文艺青年版,3个月碎屏保A+（联通）,10261,7
382,华为,Ascend G6,3个月碎屏保A+（联通）,10261,7
383,锤子科技,坚果U1,3个月碎屏保A+（联通）,10261,7
384,华为,C8816,3个月碎屏保A+（联通）,10261,7
385,朵唯,倾城L3C,3个月碎屏保A+（联通）,10261,7
386,朵唯,倾城L1,3个月碎屏保A+（联通）,10261,7
387,华为,G629,3个月碎屏保A+（联通）,10261,7
388,朵唯,L6,3个月碎屏保A+（联通）,10261,7
389,华为,Ascend GX1,3个月碎屏保A+（联通）,10261,7
390,朵唯,ISuper S3,3个月碎屏保A+（联通）,10261,7
391,朵唯,L5 mini,3个月碎屏保A+（联通）,10261,7
392,华为,Y600D,3个月碎屏保A+（联通）,10261,7
393,朵唯,懂小姐C9,3个月碎屏保A+（联通）,10261,7
394,华为,Ascend P6 S,3个月碎屏保A+（联通）,10261,7
395,朵唯,逆客,3个月碎屏保A+（联通）,10261,7
396,朵唯,倾城L1 mini,3个月碎屏保A+（联通）,10261,7
397,华为,C8818,3个月碎屏保A+（联通）,10261,7
398,朵唯,T90,3个月碎屏保A+（联通）,10261,7
399,朵唯,T35,3个月碎屏保A+（联通）,10261,7
400,华为,Y635-CL00,3个月碎屏保A+（联通）,10261,7
401,朵唯,T21 ,3个月碎屏保A+（联通）,10261,7
402,华为,G620,3个月碎屏保A+（联通）,10261,7
403,华为,G628,3个月碎屏保A+（联通）,10261,7
404,华为,C8817E,3个月碎屏保A+（联通）,10261,7
405,华为,G730-L075,3个月碎屏保A+（联通）,10261,7
406,华为,G610T,3个月碎屏保A+（联通）,10261,7
407,华为,C8816D,3个月碎屏保A+（联通）,10261,7
408,华为,C8817L,3个月碎屏保A+（联通）,10261,7
409,华为,G630,3个月碎屏保A+（联通）,10261,7
410,华为,Y618,3个月碎屏保A+（联通）,10261,7
411,华为,T8950N,3个月碎屏保A+（联通）,10261,7
413,酷派,全魔王手机,3个月碎屏保A+（联通）,10261,7
414,酷派,新K1,3个月碎屏保A+（联通）,10261,7
415,朵唯,T20,3个月碎屏保A+（联通）,10261,7
416,朵唯,T60,3个月碎屏保A+（联通）,10261,7
417,酷派,S6,3个月碎屏保A+（联通）,10261,7
418,酷派,5951,3个月碎屏保A+（联通）,10261,7
419,酷派,炫影SII 8750,3个月碎屏保A+（联通）,10261,7
420,酷派,5891Q,3个月碎屏保A+（联通）,10261,7
421,酷派,大观4,3个月碎屏保A+（联通）,10261,7
422,酷派,8732,3个月碎屏保A+（联通）,10261,7
423,酷派,5721,3个月碎屏保A+（联通）,10261,7
424,酷派,5219,3个月碎屏保A+（联通）,10261,7
425,酷派,5956,3个月碎屏保A+（联通）,10261,7
426,酷派,7920,3个月碎屏保A+（联通）,10261,7
427,酷派,S5.1,3个月碎屏保A+（联通）,10261,7
428,金立,金钢,3个月碎屏保A+（联通）,10261,7
428,金立,金钢,3个月碎屏保A+（联通）,10261,7
430,金立,S5.5L,3个月碎屏保A+（联通）,10261,7
431,金立,V188S,3个月碎屏保A+（联通）,10261,7
432,金立,F301,3个月碎屏保A+（联通）,10261,7
433,金立,M3s,3个月碎屏保A+（联通）,10261,7
434,金立,F103蓝炫,3个月碎屏保A+（联通）,10261,7
435,金立, F103,3个月碎屏保A+（联通）,10261,7
436,金立,GN151,3个月碎屏保A+（联通）,10261,7
437,金立,F103S,3个月碎屏保A+（联通）,10261,7
438,金立,V183,3个月碎屏保A+（联通）,10261,7
439,金立,GN152,3个月碎屏保A+（联通）,10261,7
440,金立,V182,3个月碎屏保A+（联通）,10261,7
441,金立,A360,3个月碎屏保A+（联通）,10261,7
442,小米,小米Note,3个月碎屏保A+（联通）,10261,7
443,三星,Galaxy A3,3个月碎屏保A+（联通）,10261,7
444,三星,Galaxy S4,3个月碎屏保A+（联通）,10261,7
445,金立,S7,3个月碎屏保A+（联通）,10261,7
446,乐视,乐1,3个月碎屏保A+（联通）,10261,7
447,中兴,远航Plus,3个月碎屏保A+（联通）,10261,7
448,中兴,远航2,3个月碎屏保A+（联通）,10261,7
449,中兴,远航3,3个月碎屏保A+（联通）,10261,7
450,中兴,威武3C,3个月碎屏保A+（联通）,10261,7
451,OPPO,R2017,3个月碎屏保A+（联通）,10261,7
452,OPPO,1107,3个月碎屏保A+（联通）,10261,7
453,努比亚,Z9 mini,3个月碎屏保A+（联通）,10261,7
454,努比亚,Z9 Max,3个月碎屏保A+（联通）,10261,7
455,努比亚,Z9,3个月碎屏保A+（联通）,10261,7
456,努比亚,Z9,3个月碎屏保A+（联通）,10261,7
457,努比亚,NX513J,3个月碎屏保A+（联通）,10261,7
458,酷派,锋尚MAX,3个月碎屏保A+（联通）,10261,7
459,酷派,A8,3个月碎屏保A+（联通）,10261,7
461,三星,S7,3个月碎屏保A+（联通）,10261,7
463,三星,N719,3个月碎屏保A+（联通）,10261,7
464,Vivo,Xplay 5,3个月碎屏保A+（联通）,10261,7
465,华为,荣耀x2,3个月碎屏保A+（联通）,10261,7
466,华为,荣耀6 plus,3个月碎屏保A+（联通）,10261,7
467,卓望碎屏保,卓望碎屏保,3个月碎屏保A+（联通）,10261,7
468,iPad,Ipad 6,3个月碎屏保A+（联通）,10261,7
469,手机盗抢险,手机盗抢,3个月碎屏保A+（联通）,10261,7
470,ivvi,Ss1,3个月碎屏保A+（联通）,10261,7
471,美图,M4,3个月碎屏保A+（联通）,10261,7
474,小米,红米3,3个月碎屏保A+（联通）,10261,7
475,OPPO, R9,3个月碎屏保A+（联通）,10261,7
476,OPPO,R9 plus,3个月碎屏保A+（联通）,10261,7
477,三星,A7100,3个月碎屏保A+（联通）,10261,7
478,三星,A5100,3个月碎屏保A+（联通）,10261,7
479,苹果,iPhone SE,3个月碎屏保A+（联通）,10261,7
480,酷派,锋尚mini,3个月碎屏保A+（联通）,10261,7
481,酷派,锋尚 Pro2,3个月碎屏保A+（联通）,10261,7
482,努比亚,Z7 Max,3个月碎屏保A+（联通）,10261,7
484,OPPO,U3,3个月碎屏保A+（联通）,10261,7
486,康佳,E1,3个月碎屏保A+（联通）,10261,7
487,Vivo,Y37 A,3个月碎屏保A+（联通）,10261,7
488,其它,其他,3个月碎屏保A+（联通）,10261,7
491,HTC,728,3个月碎屏保A+（联通）,10261,7
492,朵唯,L7,3个月碎屏保A+（联通）,10261,7
493,小米,4S,3个月碎屏保A+（联通）,10261,7
494,奇酷,F4,3个月碎屏保A+（联通）,10261,7
495,金立,GN715,3个月碎屏保A+（联通）,10261,7
496,华为,P9,3个月碎屏保A+（联通）,10261,7
497,Vivo, V3 Max,3个月碎屏保A+（联通）,10261,7
498,Vivo,X6S Plus,3个月碎屏保A+（联通）,10261,7
499,Vivo,V3,3个月碎屏保A+（联通）,10261,7
501,蓝魔,Mos1 ,3个月碎屏保A+（联通）,10261,7
502,蓝魔,R9,3个月碎屏保A+（联通）,10261,7
503,小米,平板2,3个月碎屏保A+（联通）,10261,7
504,ivvi,i3,3个月碎屏保A+（联通）,10261,7
505,美图,V4,3个月碎屏保A+（联通）,10261,7
506,海信,E71,3个月碎屏保A+（联通）,10261,7
507,金立,V185,3个月碎屏保A+（联通）,10261,7
508,金立,S5.1,3个月碎屏保A+（联通）,10261,7
509,奇酷,大神Note3,3个月碎屏保A+（联通）,10261,7
510,努比亚,X6,3个月碎屏保A+（联通）,10261,7
511,努比亚,Z7,3个月碎屏保A+（联通）,10261,7
513,海信,I632T,3个月碎屏保A+（联通）,10261,7
514,海信,E50T,3个月碎屏保A+（联通）,10261,7
515,海信,E602T,3个月碎屏保A+（联通）,10261,7
516,海信,E621T,3个月碎屏保A+（联通）,10261,7
517,海信,E625T,3个月碎屏保A+（联通）,10261,7
518,海信,I635T,3个月碎屏保A+（联通）,10261,7
519,海信,M20T,3个月碎屏保A+（联通）,10261,7
520,海信,I639T,3个月碎屏保A+（联通）,10261,7
521,海信,H910(K8),3个月碎屏保A+（联通）,10261,7
523,努比亚,Z7 mini,3个月碎屏保A+（联通）,10261,7
524,中兴,Q5,3个月碎屏保A+（联通）,10261,7
525,中兴,A2015低配,3个月碎屏保A+（联通）,10261,7
526,中兴,A2015高配,3个月碎屏保A+（联通）,10261,7
527,中兴,Zmax2,3个月碎屏保A+（联通）,10261,7
528,中兴,B2015,3个月碎屏保A+（联通）,10261,7
529,中兴,Q519T,3个月碎屏保A+（联通）,10261,7
530,中兴,Grand S II,3个月碎屏保A+（联通）,10261,7
531,中兴,Q805T,3个月碎屏保A+（联通）,10261,7
532,乐视,乐max2,3个月碎屏保A+（联通）,10261,7
533,乐视,乐 2 Pro,3个月碎屏保A+（联通）,10261,7
534,乐视,乐2,3个月碎屏保A+（联通）,10261,7
534,乐视,乐2,3个月碎屏保A+（联通）,10261,7
535,努比亚,513h,3个月碎屏保A+（联通）,10261,7
546,Vivo,X6 S,3个月碎屏保A+（联通）,10261,7
587,金立,M5 畅享,3个月碎屏保A+（联通）,10261,7
588,三星,A9100,3个月碎屏保A+（联通）,10261,7
589,三星,S3,3个月碎屏保A+（联通）,10261,7
594,酷派,B770,3个月碎屏保A+（联通）,10261,7
595,Vivo,Y31,3个月碎屏保A+（联通）,10261,7
596,三星,G5108,3个月碎屏保A+（联通）,10261,7
597,魅族,Metal,3个月碎屏保A+（联通）,10261,7
598,酷比,S9,3个月碎屏保A+（联通）,10261,7
599,TCL,P728M,3个月碎屏保A+（联通）,10261,7
600,华为,荣耀4A,3个月碎屏保A+（联通）,10261,7
602,朵唯,A3,3个月碎屏保A+（联通）,10261,7
603,努比亚,Z11 mini,3个月碎屏保A+（联通）,10261,7
604,联想,P70t,3个月碎屏保A+（联通）,10261,7
605,酷比,X903 s,3个月碎屏保A+（联通）,10261,7
606,联想,P70 t,3个月碎屏保A+（联通）,10261,7
607,海信,E20 t,3个月碎屏保A+（联通）,10261,7
608,华硕,X003 A,3个月碎屏保A+（联通）,10261,7
617,金立,S8,3个月碎屏保A+（联通）,10261,7
619,金立,F105,3个月碎屏保A+（联通）,10261,7
620,酷派,Y803,3个月碎屏保A+（联通）,10261,7
621,魅族,魅蓝3,3个月碎屏保A+（联通）,10261,7
622,魅族,Pro 6,3个月碎屏保A+（联通）,10261,7
623,酷派,锋尚3,3个月碎屏保A+（联通）,10261,7
624,小米,小米 Max,3个月碎屏保A+（联通）,10261,7
625,朵唯,A6,3个月碎屏保A+（联通）,10261,7
626,三星,GALAXY J5,3个月碎屏保A+（联通）,10261,7
627,朵唯,M1t,3个月碎屏保A+（联通）,10261,7
627,朵唯,M1t,3个月碎屏保A+（联通）,10261,7
628,OPPO,A37,3个月碎屏保A+（联通）,10261,7
629,酷比,M6,3个月碎屏保A+（联通）,10261,7
630,康佳,S1,3个月碎屏保A+（联通）,10261,7
631,酷比,S7,3个月碎屏保A+（联通）,10261,7
632,三星,GALAXY C5,3个月碎屏保A+（联通）,10261,7
633,三星,GALAXY C7,3个月碎屏保A+（联通）,10261,7
634,华硕,X002,3个月碎屏保A+（联通）,10261,7
635,三星,A7108,3个月碎屏保A+（联通）,10261,7
636,海信,C20,3个月碎屏保A+（联通）,10261,7
637,Suger,C7,3个月碎屏保A+（联通）,10261,7
638,Suger,SS119,3个月碎屏保A+（联通）,10261,7
639,Suger,Sugar S,3个月碎屏保A+（联通）,10261,7
640,Suger,C6,3个月碎屏保A+（联通）,10261,7
641,pptv,King 7s,3个月碎屏保A+（联通）,10261,7
643,华为,荣耀畅玩5C,3个月碎屏保A+（联通）,10261,7
644,华为,荣耀V8,3个月碎屏保A+（联通）,10261,7
645,魅族,魅蓝3S,3个月碎屏保A+（联通）,10261,7
646,小米,红米3S,3个月碎屏保A+（联通）,10261,7
647,乐视,乐2s,3个月碎屏保A+（联通）,10261,7
649,金立,3001,3个月碎屏保A+（联通）,10261,7
650,SONY,Z3c,3个月碎屏保A+（联通）,10261,7
651,美图,M6,3个月碎屏保A+（联通）,10261,7
652,大疆,大疆1,3个月碎屏保A+（联通）,10261,7
653,奇酷,N4,3个月碎屏保A+（联通）,10261,7
654,三星,J3 pro,3个月碎屏保A+（联通）,10261,7
655,Vivo,V7,3个月碎屏保A+（联通）,10261,7
656,OPPO,A59,3个月碎屏保A+（联通）,10261,7
657,小米,2S,3个月碎屏保A+（联通）,10261,7
706,Vivo,X7,3个月碎屏保A+（联通）,10261,7
707,Vivo,X7 plus,3个月碎屏保A+（联通）,10261,7
708,SONY,Z3,3个月碎屏保A+（联通）,10261,7
708,SONY,Z3,3个月碎屏保A+（联通）,10261,7
709,酷派,全魔王,3个月碎屏保A+（联通）,10261,7
711,金立,F100,3个月碎屏保A+（联通）,10261,7
712,苹果,其他,3个月碎屏保A+（联通）,10261,7
713,乐视,其他,3个月碎屏保A+（联通）,10261,7
714,魅族,其他,3个月碎屏保A+（联通）,10261,7
718,三星,GALAXY Wide,3个月碎屏保A+（联通）,10261,7
719,三星,Galaxy J Max,3个月碎屏保A+（联通）,10261,7
721,三星,Galaxy J2(2016),3个月碎屏保A+（联通）,10261,7
722,华为,Mate 8,3个月碎屏保A+（联通）,10261,7
723,三星,GALAXY On5 Pro,3个月碎屏保A+（联通）,10261,7
724,华为,麦芒5,3个月碎屏保A+（联通）,10261,7
725,金立,S6 pro,3个月碎屏保A+（联通）,10261,7
725,金立,S6 Pro,3个月碎屏保A+（联通）,10261,7
726,小米,5s,3个月碎屏保A+（联通）,10261,7
732,努比亚,Z11 Max,3个月碎屏保A+（联通）,10261,7
733,HTC,One M9+,3个月碎屏保A+（联通）,10261,7
735,华为,5A,3个月碎屏保A+（联通）,10261,7
736,华为,M2（8寸）,3个月碎屏保A+（联通）,10261,7
737,长虹,T07,3个月碎屏保A+（联通）,10261,7
740,朵唯,L8 Plus,3个月碎屏保A+（联通）,10261,7
741,欧沃,Q7,3个月碎屏保A+（联通）,10261,7
742,摩托罗拉,xt1115,3个月碎屏保A+（联通）,10261,7
743,华为,荣耀8,3个月碎屏保A+（联通）,10261,7
744,沃普丰,V2星月,3个月碎屏保A+（联通）,10261,7
745,沃普丰,V3星辰,3个月碎屏保A+（联通）,10261,7
746,金立,M6,3个月碎屏保A+（联通）,10261,7
747,小米,3x,3个月碎屏保A+（联通）,10261,7
748,沃普丰,天宏x5,3个月碎屏保A+（联通）,10261,7
749,沃普丰,S2,3个月碎屏保A+（联通）,10261,7
750,脉腾,L-006,3个月碎屏保A+（联通）,10261,7
751,小米,pro,3个月碎屏保A+（联通）,10261,7
753,酷比,X905Q,3个月碎屏保A+（联通）,10261,7
754,努比亚,Z11,3个月碎屏保A+（联通）,10261,7
755,乐视,x900+,3个月碎屏保A+（联通）,10261,7
756,小辣椒,S5,3个月碎屏保A+（联通）,10261,7
757,酷派,Cool 1,3个月碎屏保A+（联通）,10261,7
758,康佳,R5,3个月碎屏保A+（联通）,10261,7
760,魅族,魅蓝E,3个月碎屏保A+（联通）,10261,7
767,金立,M6 Plus,3个月碎屏保A+（联通）,10261,7
769,努比亚,N1,3个月碎屏保A+（联通）,10261,7
778,小天才,Imoo,3个月碎屏保A+（联通）,10261,7
779,酷比,M7Q,3个月碎屏保A+（联通）,10261,7
780,康佳,D557,3个月碎屏保A+（联通）,10261,7
781,康佳,R1,3个月碎屏保A+（联通）,10261,7
782,康佳,R2,3个月碎屏保A+（联通）,10261,7
783,康佳,R3,3个月碎屏保A+（联通）,10261,7
784,海信,F30,3个月碎屏保A+（联通）,10261,7
785,海信,F31,3个月碎屏保A+（联通）,10261,7
786,海信,C1,3个月碎屏保A+（联通）,10261,7
787,海信,E76,3个月碎屏保A+（联通）,10261,7
788,海信,A1,3个月碎屏保A+（联通）,10261,7
789,金立,F306,3个月碎屏保A+（联通）,10261,7
790,华为,3S,3个月碎屏保A+（联通）,10261,7
791,iPad,Ipad 5,3个月碎屏保A+（联通）,10261,7
792,ivvi, sk3-01,3个月碎屏保A+（联通）,10261,7
793,一加,1+3,3个月碎屏保A+（联通）,10261,7
794,摩托罗拉,xt1085,3个月碎屏保A+（联通）,10261,7
795,Vivo,A33,3个月碎屏保A+（联通）,10261,7
796,长虹,T03,3个月碎屏保A+（联通）,10261,7
797,长虹,T06,3个月碎屏保A+（联通）,10261,7
798,波导,M6,3个月碎屏保A+（联通）,10261,7
799,波导,L7 plus,3个月碎屏保A+（联通）,10261,7
800,小米,小米note 低配,3个月碎屏保A+（联通）,10261,7
801,联想,ZUK z1,3个月碎屏保A+（联通）,10261,7
803,TCL,乐玩2C,3个月碎屏保A+（联通）,10261,7
805,奇酷,N4s,3个月碎屏保A+（联通）,10261,7
806,钱脉通,Q8s,3个月碎屏保A+（联通）,10261,7
807,酷比,M1,3个月碎屏保A+（联通）,10261,7
808,酷比,M100,3个月碎屏保A+（联通）,10261,7
809,酷比,M200,3个月碎屏保A+（联通）,10261,7
810,酷比,M5,3个月碎屏保A+（联通）,10261,7
811,酷比,S100,3个月碎屏保A+（联通）,10261,7
813,酷比,S103,3个月碎屏保A+（联通）,10261,7
813,酷比,S103,3个月碎屏保A+（联通）,10261,7
813,酷比,S103,3个月碎屏保A+（联通）,10261,7
814,酷比,S5,3个月碎屏保A+（联通）,10261,7
815,酷比,MAX5,3个月碎屏保A+（联通）,10261,7
816,奥乐,AR7 F ,3个月碎屏保A+（联通）,10261,7
818,奥乐,AR8,3个月碎屏保A+（联通）,10261,7
819,奥乐,AR9 ,3个月碎屏保A+（联通）,10261,7
820,奥乐,AR9 Y,3个月碎屏保A+（联通）,10261,7
821,奥乐,AR1,3个月碎屏保A+（联通）,10261,7
822,小辣椒,S1,3个月碎屏保A+（联通）,10261,7
823,小辣椒,S2,3个月碎屏保A+（联通）,10261,7
824,小辣椒,S3,3个月碎屏保A+（联通）,10261,7
825,小辣椒,S6,3个月碎屏保A+（联通）,10261,7
826,小辣椒,X6,3个月碎屏保A+（联通）,10261,7
827,小辣椒,JD-PLUS,3个月碎屏保A+（联通）,10261,7
828,小辣椒,GM-T1,3个月碎屏保A+（联通）,10261,7
829,小辣椒,JD-T,3个月碎屏保A+（联通）,10261,7
830,波导,L5,3个月碎屏保A+（联通）,10261,7
831,波导,L7,3个月碎屏保A+（联通）,10261,7
832,波导,L9,3个月碎屏保A+（联通）,10261,7
833,维图,GT3,3个月碎屏保A+（联通）,10261,7
834,酷比,M9,3个月碎屏保A+（联通）,10261,7
838,Vivo,Xplay,3个月碎屏保A+（联通）,10261,7
839,三星,Note 2,3个月碎屏保A+（联通）,10261,7
840,华为,M2（10寸）,3个月碎屏保A+（联通）,10261,7
841,小米,Note pro,3个月碎屏保A+（联通）,10261,7
842,联想,Z2 pro,3个月碎屏保A+（联通）,10261,7
843,魅族,U20,3个月碎屏保A+（联通）,10261,7
844,小辣椒,S31,3个月碎屏保A+（联通）,10261,7
845,欧奇,P1,3个月碎屏保A+（联通）,10261,7
846,欧奇,P2,3个月碎屏保A+（联通）,10261,7
847,欧奇,P3,3个月碎屏保A+（联通）,10261,7
848,欧奇,P4,3个月碎屏保A+（联通）,10261,7
849,欧奇,P5,3个月碎屏保A+（联通）,10261,7
850,欧奇,P6,3个月碎屏保A+（联通）,10261,7
851,欧奇,G9,3个月碎屏保A+（联通）,10261,7
852,奥乐,AR2,3个月碎屏保A+（联通）,10261,7
853,欧奇,G6,3个月碎屏保A+（联通）,10261,7
854,欧奇,G7,3个月碎屏保A+（联通）,10261,7
855,诺亚信,X9,3个月碎屏保A+（联通）,10261,7
856,诺亚信,A1,3个月碎屏保A+（联通）,10261,7
857,诺亚信,X7,3个月碎屏保A+（联通）,10261,7
857,诺亚信,X7,3个月碎屏保A+（联通）,10261,7
859,诺亚信,K1,3个月碎屏保A+（联通）,10261,7
860,传奇,M6,3个月碎屏保A+（联通）,10261,7
861,先科,A8,3个月碎屏保A+（联通）,10261,7
862,酷米,K8,3个月碎屏保A+（联通）,10261,7
863,嘉源,V3,3个月碎屏保A+（联通）,10261,7
864,嘉源,A3,3个月碎屏保A+（联通）,10261,7
866,中兴,小鲜四,3个月碎屏保A+（联通）,10261,7
867,ivvi,小骨Pro,3个月碎屏保A+（联通）,10261,7
868,小米,红米 note4,3个月碎屏保A+（联通）,10261,7
869,Sugar,F7,3个月碎屏保A+（联通）,10261,7
870,Sugar,Y7,3个月碎屏保A+（联通）,10261,7
876,联想, Z90-7,3个月碎屏保A+（联通）,10261,7
878,中兴,中兴天机7,3个月碎屏保A+（联通）,10261,7
879,青橙,M4,3个月碎屏保A+（联通）,10261,7
880,魅族,魅蓝 Max,3个月碎屏保A+（联通）,10261,7
881,锤子,T1,3个月碎屏保A+（联通）,10261,7
882,锤子,T2,3个月碎屏保A+（联通）,10261,7
883,小辣椒,X5,3个月碎屏保A+（联通）,10261,7
884,欧奇,金嗓子,3个月碎屏保A+（联通）,10261,7
885,欧奇,大嗓门,3个月碎屏保A+（联通）,10261,7
886,欧奇,G12,3个月碎屏保A+（联通）,10261,7
887,欧奇,S13,3个月碎屏保A+（联通）,10261,7
888,欧奇,OK P3,3个月碎屏保A+（联通）,10261,7
889,欧奇,G5P4,3个月碎屏保A+（联通）,10261,7
890,波导,LT02,3个月碎屏保A+（联通）,10261,7
891,波导,L902,3个月碎屏保A+（联通）,10261,7
892,维图,GT7,3个月碎屏保A+（联通）,10261,7
893,维图,GT9,3个月碎屏保A+（联通）,10261,7
894,维图,GT11,3个月碎屏保A+（联通）,10261,7
895,维图,GT13,3个月碎屏保A+（联通）,10261,7
896,酷比,S200,3个月碎屏保A+（联通）,10261,7
897,维图,H1,3个月碎屏保A+（联通）,10261,7
898,魅族,魅蓝Note,3个月碎屏保A+（联通）,10261,7
899,华为,荣耀畅玩平板note ,3个月碎屏保A+（联通）,10261,7
900,华为,G9 plus,3个月碎屏保A+（联通）,10261,7
901,中兴,a2017,3个月碎屏保A+（联通）,10261,7
903,魅族,U10,3个月碎屏保A+（联通）,10261,7
904,摩托罗拉,XT1635-03,3个月碎屏保A+（联通）,10261,7
905,三星,A5108,3个月碎屏保A+（联通）,10261,7
906,朵唯,A5,3个月碎屏保A+（联通）,10261,7
907,朵唯,A8,3个月碎屏保A+（联通）,10261,7
908,小辣椒,LA5,3个月碎屏保A+（联通）,10261,7
909,三星,G7109,3个月碎屏保A+（联通）,10261,7
910,华为,荣耀note8,3个月碎屏保A+（联通）,10261,7
911,小米,红米pro,3个月碎屏保A+（联通）,10261,7
912,摩托罗拉,Z play,3个月碎屏保A+（联通）,10261,7
913,金立,大金刚,3个月碎屏保A+（联通）,10261,7
914,三星,三星GALAXY Tab S,3个月碎屏保A+（联通）,10261,7
926,E派,T3582,3个月碎屏保A+（联通）,10261,7
927,华为,荣耀x3,3个月碎屏保A+（联通）,10261,7
934,华为,3x,3个月碎屏保A+（联通）,10261,7
935,乐视,pro 3,3个月碎屏保A+（联通）,10261,7
936,华为,荣耀3c,3个月碎屏保A+（联通）,10261,7
937,小米,米2,3个月碎屏保A+（联通）,10261,7
938,魅族,mx6,3个月碎屏保A+（联通）,10261,7
939,酷派,大神Note,3个月碎屏保A+（联通）,10261,7
940,OPPO,A59 s,3个月碎屏保A+（联通）,10261,7
941,摩托罗拉,Moto z,3个月碎屏保A+（联通）,10261,7
942,康佳,R6,3个月碎屏保A+（联通）,10261,7
943,康佳,R7,3个月碎屏保A+（联通）,10261,7
944,康佳,S2,3个月碎屏保A+（联通）,10261,7
945,康佳,S3,3个月碎屏保A+（联通）,10261,7
946,ivvi, 小i,3个月碎屏保A+（联通）,10261,7
947,ivvi,K2,3个月碎屏保A+（联通）,10261,7
948,ivvi,S6,3个月碎屏保A+（联通）,10261,7
949,ivvi,K1,3个月碎屏保A+（联通）,10261,7
950,华为,Nova,3个月碎屏保A+（联通）,10261,7
951,联想,3900D,3个月碎屏保A+（联通）,10261,7
953,华为,畅玩5,3个月碎屏保A+（联通）,10261,7
954,Vivo,y55,3个月碎屏保A+（联通）,10261,7
955,OPPO,R9s,3个月碎屏保A+（联通）,10261,7
956,OPPO,R9s plus,3个月碎屏保A+（联通）,10261,7
958,华为,荣耀X1 ,3个月碎屏保A+（联通）,10261,7
960,三星,g9198,3个月碎屏保A+（联通）,10261,7
961,奇酷,奇酷360手机,3个月碎屏保A+（联通）,10261,7
962,蓝魔,Mos1 max,3个月碎屏保A+（联通）,10261,7
963,小米,note 2,3个月碎屏保A+（联通）,10261,7
964,中兴,910,3个月碎屏保A+（联通）,10261,7
965,华为,畅想6,3个月碎屏保A+（联通）,10261,7
966,华为,荣耀畅玩6x,3个月碎屏保A+（联通）,10261,7
967,联想,zuk  z2,3个月碎屏保A+（联通）,10261,7
968,金立,F100s,3个月碎屏保A+（联通）,10261,7
969,三星,2016版GALAXY On5,3个月碎屏保A+（联通）,10261,7
970,诺亚信,K3,3个月碎屏保A+（联通）,10261,7
972,小米,5s plus,3个月碎屏保A+（联通）,10261,7
973,锤子,M1,3个月碎屏保A+（联通）,10261,7
974,锤子,M1L,3个月碎屏保A+（联通）,10261,7
975,蓝博兴,L8201 ,3个月碎屏保A+（联通）,10261,7
976,TCL,750,3个月碎屏保A+（联通）,10261,7
977,TCL,580,3个月碎屏保A+（联通）,10261,7
978,米歌,210A,3个月碎屏保A+（联通）,10261,7
979,华为,M3,3个月碎屏保A+（联通）,10261,7
980,HTC,D10W,3个月碎屏保A+（联通）,10261,7
981,魅族,魅蓝5 ,3个月碎屏保A+（联通）,10261,7
982,华为,Mate 9,3个月碎屏保A+（联通）,10261,7
983,乐视,cool,3个月碎屏保A+（联通）,10261,7
986,Vivo,x9,3个月碎屏保A+（联通）,10261,7
988,飞利浦,S226M,3个月碎屏保A+（联通）,10261,7
989,金立,M5,3个月碎屏保A+（联通）,10261,7
990,沃普丰,V3视界?,3个月碎屏保A+（联通）,10261,7
991,沃普丰,V3极光,3个月碎屏保A+（联通）,10261,7
992,沃普丰,V2大喇叭,3个月碎屏保A+（联通）,10261,7
993,沃普丰,V6 plus,3个月碎屏保A+（联通）,10261,7
994,沃普丰,s2钻石,3个月碎屏保A+（联通）,10261,7
995,沃普丰,s2大麦,3个月碎屏保A+（联通）,10261,7
996,沃普丰,v2 金钻,3个月碎屏保A+（联通）,10261,7
997,沃普丰,v2 活跃,3个月碎屏保A+（联通）,10261,7
998,ivvi,小骨max,3个月碎屏保A+（联通）,10261,7
1000,中兴,远航4,3个月碎屏保A+（联通）,10261,7
1001,海信, f20t ,3个月碎屏保A+（联通）,10261,7
1002,三星,GALAXY C9 Pro,3个月碎屏保A+（联通）,10261,7
1003,朵唯,M2,3个月碎屏保A+（联通）,10261,7
1004,Vivo,y18,3个月碎屏保A+（联通）,10261,7
1005,摩托罗拉,xt1581,3个月碎屏保A+（联通）,10261,7
1006,魅族,pro 6 plus ,3个月碎屏保A+（联通）,10261,7
1007,三星,2016版GALAXY On7,3个月碎屏保A+（联通）,10261,7
1008,奥洛斯,G19 ,3个月碎屏保A+（联通）,10261,7
1009,小米,红米4,3个月碎屏保A+（联通）,10261,7
1037,OPPO,A57,3个月碎屏保A+（联通）,10261,7
1038,COMIO卡美欧,R1,3个月碎屏保A+（联通）,10261,7
1039,金立,5003,3个月碎屏保A+（联通）,10261,7
1040,三星,GALAXY Tab A 9.7（T555C）,3个月碎屏保A+（联通）,10261,7
1041,小辣椒,S33,3个月碎屏保A+（联通）,10261,7
1042,小辣椒,X7,3个月碎屏保A+（联通）,10261,7
1043,摩托罗拉,xt1662,3个月碎屏保A+（联通）,10261,7
1044,欧奇,黑牛P2金嗓子,3个月碎屏保A+（联通）,10261,7
1046,ivvi,i3 play,3个月碎屏保A+（联通）,10261,7
1047,小米,红米4A,3个月碎屏保A+（联通）,10261,7
1048,三星,GALAXY C9,3个月碎屏保A+（联通）,10261,7
1049,金立,S9,3个月碎屏保A+（联通）,10261,7
1052,E派,5583,3个月碎屏保A+（联通）,10261,7
1053,努比亚,Z11mini S,3个月碎屏保A+（联通）,10261,7
1054,百利丰,T3,3个月碎屏保A+（联通）,10261,7
1055,百利丰,T7,3个月碎屏保A+（联通）,10261,7
1056,百利丰,T9,3个月碎屏保A+（联通）,10261,7
1057,OPPO,a59 m,3个月碎屏保A+（联通）,10261,7
1058,小辣椒,X1,3个月碎屏保A+（联通）,10261,7
1059,金立,S5,3个月碎屏保A+（联通）,10261,7
1060,乐视,乐S3,3个月碎屏保A+（联通）,10261,7
1062,小米,MIX,3个月碎屏保A+（联通）,10261,7
1063,三星, C9,3个月碎屏保A+（联通）,10261,7
1064,欧亚信,MX6,3个月碎屏保A+（联通）,10261,7
1065,三星,C5000,3个月碎屏保A+（联通）,10261,7
1066,三星,SM-C7000,3个月碎屏保A+（联通）,10261,7
1067,魅族,魅蓝x,3个月碎屏保A+（联通）,10261,7
1068,魅族,魅蓝 note5,3个月碎屏保A+（联通）,10261,7
1069,Vivo,y67,3个月碎屏保A+（联通）,10261,7
1070,TCL,550,3个月碎屏保A+（联通）,10261,7
1071,TCL,520,3个月碎屏保A+（联通）,10261,7
1072,小辣椒,x6 pro,3个月碎屏保A+（联通）,10261,7
1073,奇酷,Q5 plus,3个月碎屏保A+（联通）,10261,7
1074,奇酷,F4s,3个月碎屏保A+（联通）,10261,7
1075,小辣椒,x3,3个月碎屏保A+（联通）,10261,7
1076,天语,X7pro,3个月碎屏保A+（联通）,10261,7
1078,乐视,X528,3个月碎屏保A+（联通）,10261,7
1079,OPPO,R8007,3个月碎屏保A+（联通）,10261,7
1080,康佳,R8,3个月碎屏保A+（联通）,10261,7
1081,华为,iPad 2,3个月碎屏保A+（联通）,10261,7
1082,iPad,iPad 2,3个月碎屏保A+（联通）,10261,7
1084,诺亚信, MX6,3个月碎屏保A+（联通）,10261,7
1085,酷派,cool1 dual,3个月碎屏保A+（联通）,10261,7
1087,Vivo,y66,3个月碎屏保A+（联通）,10261,7
1089,朵唯,L9,3个月碎屏保A+（联通）,10261,7
1090,三星,三星g5309,3个月碎屏保A+（联通）,10261,7
1091,三星,g5309,3个月碎屏保A+（联通）,10261,7
1092,8848,m2,3个月碎屏保A+（联通）,10261,7
1093,乐视,X900,3个月碎屏保A+（联通）,10261,7
1094,酷比,A3,3个月碎屏保A+（联通）,10261,7
1095,朵唯,L9mini,3个月碎屏保A+（联通）,10261,7
1097,华硕,电神5000,3个月碎屏保A+（联通）,10261,7
1098,乐视,x820,3个月碎屏保A+（联通）,10261,7
1099,海信,f22,3个月碎屏保A+（联通）,10261,7
1100,美图,m6s,3个月碎屏保A+（联通）,10261,7
1101,华为,畅享6S ,3个月碎屏保A+（联通）,10261,7
1102,Vivo,  immo,3个月碎屏保A+（联通）,10261,7
1105,华为,A1,3个月碎屏保A+（联通）,10261,7
1107,魅族,pro 6s,3个月碎屏保A+（联通）,10261,7
1108,华为,G9,3个月碎屏保A+（联通）,10261,7
1109,中兴,V7 MAX,3个月碎屏保A+（联通）,10261,7
1111,乐酷,乐1,3个月碎屏保A+（联通）,10261,7
1113,摩托罗拉,x pro,3个月碎屏保A+（联通）,10261,7
1116,沃普丰,V1大众,3个月碎屏保A+（联通）,10261,7
1117,沃普丰,V1精灵,3个月碎屏保A+（联通）,10261,7
1118,沃普丰,V2钻石,3个月碎屏保A+（联通）,10261,7
1119,沃普丰,V2战神,3个月碎屏保A+（联通）,10261,7
1121,沃普丰,V2PLUS,3个月碎屏保A+（联通）,10261,7
1123,沃普丰,V3星月,3个月碎屏保A+（联通）,10261,7
1125,沃普丰,V3星光,3个月碎屏保A+（联通）,10261,7
1126,沃普丰,V3大麦,3个月碎屏保A+（联通）,10261,7
1128,长虹,H9,3个月碎屏保A+（联通）,10261,7
1130,金立,GN5005,3个月碎屏保A+（联通）,10261,7
1131,联想,750p,3个月碎屏保A+（联通）,10261,7
1132,OPPO,r9sk,3个月碎屏保A+（联通）,10261,7
1133,三星,G5200,3个月碎屏保A+（联通）,10261,7
1134,中兴,A910,3个月碎屏保A+（联通）,10261,7
1135,酷派,s1,3个月碎屏保A+（联通）,10261,7
1136,酷派,c105-6,3个月碎屏保A+（联通）,10261,7
1137,中兴,C2016 ,3个月碎屏保A+（联通）,10261,7
1139,一加,1+1,3个月碎屏保A+（联通）,10261,7
1140,中兴,c2017,3个月碎屏保A+（联通）,10261,7
1141,海信,e76mini,3个月碎屏保A+（联通）,10261,7
1142,海信,f23,3个月碎屏保A+（联通）,10261,7
1143,长虹,P06,3个月碎屏保A+（联通）,10261,7
1144,小辣椒,  NX,3个月碎屏保A+（联通）,10261,7
1145,华为,畅想6s,3个月碎屏保A+（联通）,10261,7
1146,OPPO,R1S,3个月碎屏保A+（联通）,10261,7
1147,三星,G 6100,3个月碎屏保A+（联通）,10261,7
1148,联想,p1,3个月碎屏保A+（联通）,10261,7
1149,长虹,s06,3个月碎屏保A+（联通）,10261,7
1150,华硕,M2,3个月碎屏保A+（联通）,10261,7
1151,华硕,飞马3,3个月碎屏保A+（联通）,10261,7
1152,联想,VIBE P2,3个月碎屏保A+（联通）,10261,7
1153,中兴,BA910,3个月碎屏保A+（联通）,10261,7
1154,金立,金钢2,3个月碎屏保A+（联通）,10261,7
1156,华硕,Zenfone 3,3个月碎屏保A+（联通）,10261,7
1157,摩托罗拉,Moto_M,3个月碎屏保A+（联通）,10261,7
1158,长虹,长虹S01,3个月碎屏保A+（联通）,10261,7
1159,SONY,z5,3个月碎屏保A+（联通）,10261,7
1160,联想,联想P1c72 ,3个月碎屏保A+（联通）,10261,7
1161,TCL,950,3个月碎屏保A+（联通）,10261,7
1162,中兴,远航   4S,3个月碎屏保A+（联通）,10261,7
1163,Vivo, X9 Plus,3个月碎屏保A+（联通）,10261,7
1164,三星,g1600,3个月碎屏保A+（联通）,10261,7
1166,朵唯,V3,3个月碎屏保A+（联通）,10261,7
1167,长虹,S08,3个月碎屏保A+（联通）,10261,7
1168,长虹,P01,3个月碎屏保A+（联通）,10261,7
1169,海信,E81,3个月碎屏保A+（联通）,10261,7
1170,ivvi,i3 新春版,3个月碎屏保A+（联通）,10261,7
1171,ivvi,i3新春版,3个月碎屏保A+（联通）,10261,7
1172,康佳,R9 ,3个月碎屏保A+（联通）,10261,7
1173,华为,G9青春版,3个月碎屏保A+（联通）,10261,7
1174,Vivo,Y55L   ,3个月碎屏保A+（联通）,10261,7
1175,金立,F5,3个月碎屏保A+（联通）,10261,7
1176,金立,F106,3个月碎屏保A+（联通）,10261,7
1178,Sugar,F7 mini,3个月碎屏保A+（联通）,10261,7
1179,华为,荣耀平板,3个月碎屏保A+（联通）,10261,7
1180,Sugar,S9,3个月碎屏保A+（联通）,10261,7
1181,华为,荣耀平板2,3个月碎屏保A+（联通）,10261,7
1182,酷比,S106,3个月碎屏保A+（联通）,10261,7
1183,ivvi,小I PIUS,3个月碎屏保A+（联通）,10261,7
1184,华硕,飞马5000,3个月碎屏保A+（联通）,10261,7
1185,华硕,ZenFone2,3个月碎屏保A+（联通）,10261,7
1186,华为,荣耀T1 10,3个月碎屏保A+（联通）,10261,7
1187,酷比,M9 Plus,3个月碎屏保A+（联通）,10261,7
1188,华为,M2（7寸）,3个月碎屏保A+（联通）,10261,7
1189,三星,GALAXY C7 Pro,3个月碎屏保A+（联通）,10261,7
1193,华为,荣耀Magic,3个月碎屏保A+（联通）,10261,7
1196,一加,1+3T ,3个月碎屏保A+（联通）,10261,7
1200,华为,荣耀V9,3个月碎屏保A+（联通）,10261,7
1201,酷派,大神1S,3个月碎屏保A+（联通）,10261,7
1202,魅族,魅蓝5s,3个月碎屏保A+（联通）,10261,7
1203,美图,T8,3个月碎屏保A+（联通）,10261,7
1204,飞利浦,V800,3个月碎屏保A+（联通）,10261,7
1206,联想,Phab2 plus,3个月碎屏保A+（联通）,10261,7
1207,中兴,天机7 Max,3个月碎屏保A+（联通）,10261,7
1212,华为,荣耀8 青春版,3个月碎屏保A+（联通）,10261,7
1215,海信,C20s,3个月碎屏保A+（联通）,10261,7
1216,长虹,X11,3个月碎屏保A+（联通）,10261,7
1217,长虹,X1,3个月碎屏保A+（联通）,10261,7
1220,Sugar,SUGAR F7 mini,3个月碎屏保A+（联通）,10261,7
1221,中国移动,M631,3个月碎屏保A+（联通）,10261,7
1222,中国移动,M636,3个月碎屏保A+（联通）,10261,7
1223,中国移动,M823,3个月碎屏保A+（联通）,10261,7
1224,中国移动,M821,3个月碎屏保A+（联通）,10261,7
1225,中国移动,M623c,3个月碎屏保A+（联通）,10261,7
1226,中国移动,M836,3个月碎屏保A+（联通）,10261,7
1227,小辣椒,小辣椒7,3个月碎屏保A+（联通）,10261,7
1229,小米,5c,3个月碎屏保A+（联通）,10261,7
1230,三星,Galaxy Folder,3个月碎屏保A+（联通）,10261,7
1231,长虹,S03,3个月碎屏保A+（联通）,10261,7
1233,中国移动,优购T9,3个月碎屏保A+（联通）,10261,7
1236,中兴,中兴Blade,3个月碎屏保A+（联通）,10261,7
52,小米,4c,12个月碎屏保A+（联通）,10262,7
53,小米,红米Note,12个月碎屏保A+（联通）,10262,7
54,苹果,iPhone5S,12个月碎屏保A+（联通）,10262,7
55,苹果,iPhone 5C,12个月碎屏保A+（联通）,10262,7
57,苹果,iPhone 5,12个月碎屏保A+（联通）,10262,7
58,苹果,iPhone 4S,12个月碎屏保A+（联通）,10262,7
64,小米,米3,12个月碎屏保A+（联通）,10262,7
65,三星,Note 4,12个月碎屏保A+（联通）,10262,7
66,三星,Note 3,12个月碎屏保A+（联通）,10262,7
67,三星,S4,12个月碎屏保A+（联通）,10262,7
68,三星,S5,12个月碎屏保A+（联通）,10262,7
69,三星,S6,12个月碎屏保A+（联通）,10262,7
70,三星,S6 Edge,12个月碎屏保A+（联通）,10262,7
71,三星,A7,12个月碎屏保A+（联通）,10262,7
72,三星,A5,12个月碎屏保A+（联通）,10262,7
73,三星,A8,12个月碎屏保A+（联通）,10262,7
74,三星,E7,12个月碎屏保A+（联通）,10262,7
75,三星,A3,12个月碎屏保A+（联通）,10262,7
76,三星,J5008,12个月碎屏保A+（联通）,10262,7
77,三星,J7008,12个月碎屏保A+（联通）,10262,7
78,三星,G5109,12个月碎屏保A+（联通）,10262,7
80,三星,GALAXY Mega 2,12个月碎屏保A+（联通）,10262,7
81,三星,Note5,12个月碎屏保A+（联通）,10262,7
82,三星,Note EDGE,12个月碎屏保A+（联通）,10262,7
83,三星,Galaxy Active Neo,12个月碎屏保A+（联通）,10262,7
84,OPPO,R7S,12个月碎屏保A+（联通）,10262,7
85,OPPO,R7 plus,12个月碎屏保A+（联通）,10262,7
86,OPPO,R1C,12个月碎屏保A+（联通）,10262,7
87,OPPO,R7,12个月碎屏保A+（联通）,10262,7
88,OPPO,A31,12个月碎屏保A+（联通）,10262,7
89,OPPO,A51KC,12个月碎屏保A+（联通）,10262,7
90,OPPO,R3005,12个月碎屏保A+（联通）,10262,7
92,OPPO,R3,12个月碎屏保A+（联通）,10262,7
93,OPPO,N3,12个月碎屏保A+（联通）,10262,7
94,OPPO,R5,12个月碎屏保A+（联通）,10262,7
95,酷派,大神x7,12个月碎屏保A+（联通）,10262,7
96,酷派,锋尚pro,12个月碎屏保A+（联通）,10262,7
98,酷派,铂顿,12个月碎屏保A+（联通）,10262,7
99,中兴,Q801u,12个月碎屏保A+（联通）,10262,7
100,中兴,axon天机至尊版,12个月碎屏保A+（联通）,10262,7
101,TCL,S830u,12个月碎屏保A+（联通）,10262,7
102,TCL,J730u,12个月碎屏保A+（联通）,10262,7
103,魅族,Pro5,12个月碎屏保A+（联通）,10262,7
104,魅族,MX5,12个月碎屏保A+（联通）,10262,7
105,魅族,MX4 Pro,12个月碎屏保A+（联通）,10262,7
106,魅族,魅族Note,12个月碎屏保A+（联通）,10262,7
107,魅族,魅蓝note2,12个月碎屏保A+（联通）,10262,7
116,华为,Mate 7,12个月碎屏保A+（联通）,10262,7
117,华为,荣耀4,12个月碎屏保A+（联通）,10262,7
118,华为,麦芒4,12个月碎屏保A+（联通）,10262,7
119,华为,荣耀7,12个月碎屏保A+（联通）,10262,7
120,华为,Mate S,12个月碎屏保A+（联通）,10262,7
122,华为,P6,12个月碎屏保A+（联通）,10262,7
123,华为,荣耀7 plus,12个月碎屏保A+（联通）,10262,7
124,华为,荣耀7i,12个月碎屏保A+（联通）,10262,7
125,华为,P8,12个月碎屏保A+（联通）,10262,7
126,华为,P8青春版,12个月碎屏保A+（联通）,10262,7
127,华为,C199,12个月碎屏保A+（联通）,10262,7
129,华为,荣耀4c,12个月碎屏保A+（联通）,10262,7
130,华为,荣耀 6 Plus,12个月碎屏保A+（联通）,10262,7
131,华为,荣耀 6,12个月碎屏保A+（联通）,10262,7
132,华为,荣耀4x,12个月碎屏保A+（联通）,10262,7
133,华为,P8 MAX,12个月碎屏保A+（联通）,10262,7
134,HTC,M8,12个月碎屏保A+（联通）,10262,7
135,HTC,M9,12个月碎屏保A+（联通）,10262,7
136,HTC,M9+,12个月碎屏保A+（联通）,10262,7
137,HTC,E9,12个月碎屏保A+（联通）,10262,7
138,HTC,E9+,12个月碎屏保A+（联通）,10262,7
139,HTC,826,12个月碎屏保A+（联通）,10262,7
140,HTC,820,12个月碎屏保A+（联通）,10262,7
141,HTC,626,12个月碎屏保A+（联通）,10262,7
142,Vivo,X5Pro,12个月碎屏保A+（联通）,10262,7
143,Vivo,Y927,12个月碎屏保A+（联通）,10262,7
144,Vivo,Y29L,12个月碎屏保A+（联通）,10262,7
145,Vivo,Y33,12个月碎屏保A+（联通）,10262,7
146,Vivo,Y37L,12个月碎屏保A+（联通）,10262,7
147,Vivo,X5max+,12个月碎屏保A+（联通）,10262,7
148,Vivo,X5max,12个月碎屏保A+（联通）,10262,7
149,Vivo,X5(V，S，L，F),12个月碎屏保A+（联通）,10262,7
150,Vivo,Xplay3s,12个月碎屏保A+（联通）,10262,7
151,Vivo,X5 M,12个月碎屏保A+（联通）,10262,7
152,Ipad,iPad  mini4,12个月碎屏保A+（联通）,10262,7
153,Ipad,iPad Air 2,12个月碎屏保A+（联通）,10262,7
154,Ipad,iPad Air,12个月碎屏保A+（联通）,10262,7
155,iPad,iPad 4,12个月碎屏保A+（联通）,10262,7
156,iPad,iPad Mini 3,12个月碎屏保A+（联通）,10262,7
157,iPad,iPad Mini 2,12个月碎屏保A+（联通）,10262,7
158,iPad,iPad Mini,12个月碎屏保A+（联通）,10262,7
179,HTC,816,12个月碎屏保A+（联通）,10262,7
180,HTC,One M9e,12个月碎屏保A+（联通）,10262,7
181,HTC,One M9s,12个月碎屏保A+（联通）,10262,7
182,HTC,E8,12个月碎屏保A+（联通）,10262,7
183,OPPO,Find 5,12个月碎屏保A+（联通）,10262,7
184,OPPO,Find 7,12个月碎屏保A+（联通）,10262,7
185,Vivo,Xshot,12个月碎屏保A+（联通）,10262,7
187,Vivo,X6,12个月碎屏保A+（联通）,10262,7
188,Vivo,Y923,12个月碎屏保A+（联通）,10262,7
191,三星,Galaxy On5,12个月碎屏保A+（联通）,10262,7
192,三星,Galaxy On7,12个月碎屏保A+（联通）,10262,7
195,华为,荣耀畅玩5X,12个月碎屏保A+（联通）,10262,7
196,华为,G7-Plus,12个月碎屏保A+（联通）,10262,7
198,小米,红米NOTE3,12个月碎屏保A+（联通）,10262,7
199,小米,米4,12个月碎屏保A+（联通）,10262,7
200,酷派,5313S,12个月碎屏保A+（联通）,10262,7
201,酷派,锋尚Air,12个月碎屏保A+（联通）,10262,7
202,酷派,锋尚2,12个月碎屏保A+（联通）,10262,7
203,酷派,K1,12个月碎屏保A+（联通）,10262,7
204,酷派,大神F1,12个月碎屏保A+（联通）,10262,7
205,酷派,大神F2,12个月碎屏保A+（联通）,10262,7
206,酷派,Rogue,12个月碎屏保A+（联通）,10262,7
207,魅族,魅蓝note3,12个月碎屏保A+（联通）,10262,7
208,魅族,魅蓝2,12个月碎屏保A+（联通）,10262,7
209,魅族,MX4,12个月碎屏保A+（联通）,10262,7
212,乐视,乐Max,12个月碎屏保A+（联通）,10262,7
213,乐视,乐1 Pro,12个月碎屏保A+（联通）,10262,7
214,乐视,乐1S,12个月碎屏保A+（联通）,10262,7
215,三星,其他,12个月碎屏保A+（联通）,10262,7
217,OPPO,其他,12个月碎屏保A+（联通）,10262,7
218,Vivo,其他,12个月碎屏保A+（联通）,10262,7
219,华为,其他,12个月碎屏保A+（联通）,10262,7
221,小米,其他,12个月碎屏保A+（联通）,10262,7
222,联通沃保,包年,12个月碎屏保A+（联通）,10262,7
223,联通沃保,包月,12个月碎屏保A+（联通）,10262,7
224,中兴,小鲜3,12个月碎屏保A+（联通）,10262,7
226,金立,S6,12个月碎屏保A+（联通）,10262,7
227,金立,M5高配版,12个月碎屏保A+（联通）,10262,7
228,金立,W900s,12个月碎屏保A+（联通）,10262,7
229,金立,E8,12个月碎屏保A+（联通）,10262,7
230,金立,F303,12个月碎屏保A+（联通）,10262,7
231,金立,S5.1 Pro,12个月碎屏保A+（联通）,10262,7
232,金立,GNM5,12个月碎屏保A+（联通）,10262,7
233,金立,M3,12个月碎屏保A+（联通）,10262,7
234,金立,GNV188,12个月碎屏保A+（联通）,10262,7
235,HTC,A9w,12个月碎屏保A+（联通）,10262,7
236,Vivo,X6 plus,12个月碎屏保A+（联通）,10262,7
237,Vivo,Max v,12个月碎屏保A+（联通）,10262,7
238,Vivo,937,12个月碎屏保A+（联通）,10262,7
239,Vivo,Y35,12个月碎屏保A+（联通）,10262,7
240,Vivo,Y35a,12个月碎屏保A+（联通）,10262,7
241,Vivo,Y51,12个月碎屏保A+（联通）,10262,7
242,Vivo,Y51 a,12个月碎屏保A+（联通）,10262,7
243,Vivo,X6 plus v,12个月碎屏保A+（联通）,10262,7
244,OPPO,R7c,12个月碎屏保A+（联通）,10262,7
245,OPPO,A31c,12个月碎屏保A+（联通）,10262,7
246,OPPO,A33,12个月碎屏保A+（联通）,10262,7
247,OPPO,A33 m,12个月碎屏保A+（联通）,10262,7
248,OPPO,A51,12个月碎屏保A+（联通）,10262,7
249,OPPO,R7s m,12个月碎屏保A+（联通）,10262,7
250,OPPO,R7plus m,12个月碎屏保A+（联通）,10262,7
251,OPPO,R7s plus,12个月碎屏保A+（联通）,10262,7
252,OPPO,R7 plus m+,12个月碎屏保A+（联通）,10262,7
253,OPPO,A53,12个月碎屏保A+（联通）,10262,7
254,华为,畅想5,12个月碎屏保A+（联通）,10262,7
255,华为,畅想5s,12个月碎屏保A+（联通）,10262,7
256,摩托罗拉,xt 1570,12个月碎屏保A+（联通）,10262,7
257,三星,GALAXY A5,12个月碎屏保A+（联通）,10262,7
258,三星,A9000,12个月碎屏保A+（联通）,10262,7
269,小米,米5,12个月碎屏保A+（联通）,10262,7
270,三星,G7200,12个月碎屏保A+（联通）,10262,7
271,Vivo,Y623,12个月碎屏保A+（联通）,10262,7
272,华为,Ascend G7,12个月碎屏保A+（联通）,10262,7
273,魅族,MX3,12个月碎屏保A+（联通）,10262,7
274,中兴,G720c,12个月碎屏保A+（联通）,10262,7
275,尚峰,S6,12个月碎屏保A+（联通）,10262,7
276,酷比,H3,12个月碎屏保A+（联通）,10262,7
277,OPPO,A30,12个月碎屏保A+（联通）,10262,7
278,联想,乐檬X3,12个月碎屏保A+（联通）,10262,7
280,HTC,X9,12个月碎屏保A+（联通）,10262,7
281,小米,2A,12个月碎屏保A+（联通）,10262,7
282,酷比,T520,12个月碎屏保A+（联通）,10262,7
283,酷比,X7,12个月碎屏保A+（联通）,10262,7
284,酷比,M2,12个月碎屏保A+（联通）,10262,7
285,酷比,M3,12个月碎屏保A+（联通）,10262,7
286,酷比,S2,12个月碎屏保A+（联通）,10262,7
287,酷比,X903S,12个月碎屏保A+（联通）,10262,7
288,酷比,H1S,12个月碎屏保A+（联通）,10262,7
289,酷比,H2,12个月碎屏保A+（联通）,10262,7
290,酷比,M1L,12个月碎屏保A+（联通）,10262,7
291,酷比,S3,12个月碎屏保A+（联通）,10262,7
292,酷比,H6,12个月碎屏保A+（联通）,10262,7
293,酷比,S6,12个月碎屏保A+（联通）,10262,7
294,酷比,H5,12个月碎屏保A+（联通）,10262,7
295,酷比,H7,12个月碎屏保A+（联通）,10262,7
296,奥乐,AR5,12个月碎屏保A+（联通）,10262,7
297,三星,G5500,12个月碎屏保A+（联通）,10262,7
298,三星,Galaxy J3,12个月碎屏保A+（联通）,10262,7
299,酷派,锋尚MAX,12个月碎屏保A+（联通）,10262,7
300,魅族,魅蓝,12个月碎屏保A+（联通）,10262,7
301,联想,PHAB,12个月碎屏保A+（联通）,10262,7
302,联想,乐檬K5 Note,12个月碎屏保A+（联通）,10262,7
303,联想,VIBE Shot,12个月碎屏保A+（联通）,10262,7
304,联想,VIBE Z2 ,12个月碎屏保A+（联通）,10262,7
305,三星,Galaxy J7,12个月碎屏保A+（联通）,10262,7
306,联想,PHAB Plus,12个月碎屏保A+（联通）,10262,7
307,联想,K80,12个月碎屏保A+（联通）,10262,7
308,联想,VIBE Z2w,12个月碎屏保A+（联通）,10262,7
309,联想,笋尖S60t,12个月碎屏保A+（联通）,10262,7
310,联想,乐檬K3,12个月碎屏保A+（联通）,10262,7
311,三星,GALAXY K Zoom,12个月碎屏保A+（联通）,10262,7
313,联想,黄金斗士A8,12个月碎屏保A+（联通）,10262,7
314,三星,Galaxy Note 3 Lite,12个月碎屏保A+（联通）,10262,7
315,三星,Galaxy Grand 2,12个月碎屏保A+（联通）,10262,7
316,三星,Galaxy Core Max,12个月碎屏保A+（联通）,10262,7
317,三星,Galaxy Core Prime,12个月碎屏保A+（联通）,10262,7
318,金立,M5 Plus,12个月碎屏保A+（联通）,10262,7
318,金立,M5 Plus,12个月碎屏保A+（联通）,10262,7
319,三星,Galaxy Grand Prime,12个月碎屏保A+（联通）,10262,7
320,朵唯,L5 Plus,12个月碎屏保A+（联通）,10262,7
321,朵唯,L5 Pro,12个月碎屏保A+（联通）,10262,7
322,三星,G3818,12个月碎屏保A+（联通）,10262,7
324,三星,Galsxy Mega Plus,12个月碎屏保A+（联通）,10262,7
325,三星,G3588V,12个月碎屏保A+（联通）,10262,7
326,联想,乐檬K3 Note,12个月碎屏保A+（联通）,10262,7
328,小米,红米Note2,12个月碎屏保A+（联通）,10262,7
330,联想,A788t,12个月碎屏保A+（联通）,10262,7
331,联想,黄金斗士S8,12个月碎屏保A+（联通）,10262,7
332,联想,S810t,12个月碎屏保A+（联通）,10262,7
333,小米,红米1S,12个月碎屏保A+（联通）,10262,7
334,联想,黄金斗士Note8,12个月碎屏保A+（联通）,10262,7
335,小米,红米2,12个月碎屏保A+（联通）,10262,7
336,联想,黄金斗士S8畅玩,12个月碎屏保A+（联通）,10262,7
337,联想,笋尖S90,12个月碎屏保A+（联通）,10262,7
338,中兴,威武3,12个月碎屏保A+（联通）,10262,7
339,中兴,星星2号,12个月碎屏保A+（联通）,10262,7
340,中兴,Geek,12个月碎屏保A+（联通）,10262,7
341,中兴,星星2号活力版,12个月碎屏保A+（联通）,10262,7
342,OPPO,R6007,12个月碎屏保A+（联通）,10262,7
345,中兴,V5S,12个月碎屏保A+（联通）,10262,7
346,中兴,Blade A1,12个月碎屏保A+（联通）,10262,7
347,中兴,A880,12个月碎屏保A+（联通）,10262,7
348,OPPO,3007,12个月碎屏保A+（联通）,10262,7
349,中兴,小鲜2,12个月碎屏保A+（联通）,10262,7
350,中兴,V5,12个月碎屏保A+（联通）,10262,7
351,中兴,V5 MAX,12个月碎屏保A+（联通）,10262,7
352,中兴,青漾2,12个月碎屏保A+（联通）,10262,7
353,OPPO,3000,12个月碎屏保A+（联通）,10262,7
354,中兴,Grand Memo,12个月碎屏保A+（联通）,10262,7
355,中兴,星星1号,12个月碎屏保A+（联通）,10262,7
356,中兴,Blade S6 Lux,12个月碎屏保A+（联通）,10262,7
357,OPPO,R831T,12个月碎屏保A+（联通）,10262,7
358,中兴,Memo 5S,12个月碎屏保A+（联通）,10262,7
361,中兴,U960E,12个月碎屏保A+（联通）,10262,7
362,中兴,中兴醉享,12个月碎屏保A+（联通）,10262,7
363,中兴,Q7-C,12个月碎屏保A+（联通）,10262,7
364,中兴,Blade S6,12个月碎屏保A+（联通）,10262,7
365,中兴,DM ,12个月碎屏保A+（联通）,10262,7
366,OPPO, R831S,12个月碎屏保A+（联通）,10262,7
367,OPPO,A11,12个月碎屏保A+（联通）,10262,7
368,奇酷,青春版,12个月碎屏保A+（联通）,10262,7
369,OPPO,1105,12个月碎屏保A+（联通）,10262,7
370,OPPO,1100,12个月碎屏保A+（联通）,10262,7
371,Vivo,Y27,12个月碎屏保A+（联通）,10262,7
372,Vivo,X3V,12个月碎屏保A+（联通）,10262,7
373,Vivo,X3F,12个月碎屏保A+（联通）,10262,7
374,Vivo,Y23L,12个月碎屏保A+（联通）,10262,7
375,Vivo,Y13iL,12个月碎屏保A+（联通）,10262,7
376,Vivo,Y31A,12个月碎屏保A+（联通）,10262,7
377,华为,Ascend P7,12个月碎屏保A+（联通）,10262,7
378,华为,Mate 2,12个月碎屏保A+（联通）,10262,7
379,华为,B199,12个月碎屏保A+（联通）,10262,7
380,锤子科技,坚果手机,12个月碎屏保A+（联通）,10262,7
381,锤子科技,文艺青年版,12个月碎屏保A+（联通）,10262,7
382,华为,Ascend G6,12个月碎屏保A+（联通）,10262,7
383,锤子科技,坚果U1,12个月碎屏保A+（联通）,10262,7
384,华为,C8816,12个月碎屏保A+（联通）,10262,7
385,朵唯,倾城L3C,12个月碎屏保A+（联通）,10262,7
386,朵唯,倾城L1,12个月碎屏保A+（联通）,10262,7
387,华为,G629,12个月碎屏保A+（联通）,10262,7
388,朵唯,L6,12个月碎屏保A+（联通）,10262,7
389,华为,Ascend GX1,12个月碎屏保A+（联通）,10262,7
390,朵唯,ISuper S3,12个月碎屏保A+（联通）,10262,7
391,朵唯,L5 mini,12个月碎屏保A+（联通）,10262,7
392,华为,Y600D,12个月碎屏保A+（联通）,10262,7
393,朵唯,懂小姐C9,12个月碎屏保A+（联通）,10262,7
394,华为,Ascend P6 S,12个月碎屏保A+（联通）,10262,7
395,朵唯,逆客,12个月碎屏保A+（联通）,10262,7
396,朵唯,倾城L1 mini,12个月碎屏保A+（联通）,10262,7
397,华为,C8818,12个月碎屏保A+（联通）,10262,7
398,朵唯,T90,12个月碎屏保A+（联通）,10262,7
399,朵唯,T35,12个月碎屏保A+（联通）,10262,7
400,华为,Y635-CL00,12个月碎屏保A+（联通）,10262,7
401,朵唯,T21 ,12个月碎屏保A+（联通）,10262,7
402,华为,G620,12个月碎屏保A+（联通）,10262,7
403,华为,G628,12个月碎屏保A+（联通）,10262,7
404,华为,C8817E,12个月碎屏保A+（联通）,10262,7
405,华为,G730-L075,12个月碎屏保A+（联通）,10262,7
406,华为,G610T,12个月碎屏保A+（联通）,10262,7
407,华为,C8816D,12个月碎屏保A+（联通）,10262,7
408,华为,C8817L,12个月碎屏保A+（联通）,10262,7
409,华为,G630,12个月碎屏保A+（联通）,10262,7
410,华为,Y618,12个月碎屏保A+（联通）,10262,7
411,华为,T8950N,12个月碎屏保A+（联通）,10262,7
413,酷派,全魔王手机,12个月碎屏保A+（联通）,10262,7
414,酷派,新K1,12个月碎屏保A+（联通）,10262,7
415,朵唯,T20,12个月碎屏保A+（联通）,10262,7
416,朵唯,T60,12个月碎屏保A+（联通）,10262,7
417,酷派,S6,12个月碎屏保A+（联通）,10262,7
418,酷派,5951,12个月碎屏保A+（联通）,10262,7
419,酷派,炫影SII 8750,12个月碎屏保A+（联通）,10262,7
420,酷派,5891Q,12个月碎屏保A+（联通）,10262,7
421,酷派,大观4,12个月碎屏保A+（联通）,10262,7
422,酷派,8732,12个月碎屏保A+（联通）,10262,7
423,酷派,5721,12个月碎屏保A+（联通）,10262,7
424,酷派,5219,12个月碎屏保A+（联通）,10262,7
425,酷派,5956,12个月碎屏保A+（联通）,10262,7
426,酷派,7920,12个月碎屏保A+（联通）,10262,7
427,酷派,S5.1,12个月碎屏保A+（联通）,10262,7
428,金立,金钢,12个月碎屏保A+（联通）,10262,7
428,金立,金钢,12个月碎屏保A+（联通）,10262,7
430,金立,S5.5L,12个月碎屏保A+（联通）,10262,7
431,金立,V188S,12个月碎屏保A+（联通）,10262,7
432,金立,F301,12个月碎屏保A+（联通）,10262,7
433,金立,M3s,12个月碎屏保A+（联通）,10262,7
434,金立,F103蓝炫,12个月碎屏保A+（联通）,10262,7
435,金立, F103,12个月碎屏保A+（联通）,10262,7
436,金立,GN151,12个月碎屏保A+（联通）,10262,7
437,金立,F103S,12个月碎屏保A+（联通）,10262,7
438,金立,V183,12个月碎屏保A+（联通）,10262,7
439,金立,GN152,12个月碎屏保A+（联通）,10262,7
440,金立,V182,12个月碎屏保A+（联通）,10262,7
441,金立,A360,12个月碎屏保A+（联通）,10262,7
442,小米,小米Note,12个月碎屏保A+（联通）,10262,7
443,三星,Galaxy A3,12个月碎屏保A+（联通）,10262,7
444,三星,Galaxy S4,12个月碎屏保A+（联通）,10262,7
445,金立,S7,12个月碎屏保A+（联通）,10262,7
446,乐视,乐1,12个月碎屏保A+（联通）,10262,7
447,中兴,远航Plus,12个月碎屏保A+（联通）,10262,7
448,中兴,远航2,12个月碎屏保A+（联通）,10262,7
449,中兴,远航3,12个月碎屏保A+（联通）,10262,7
450,中兴,威武3C,12个月碎屏保A+（联通）,10262,7
451,OPPO,R2017,12个月碎屏保A+（联通）,10262,7
452,OPPO,1107,12个月碎屏保A+（联通）,10262,7
453,努比亚,Z9 mini,12个月碎屏保A+（联通）,10262,7
454,努比亚,Z9 Max,12个月碎屏保A+（联通）,10262,7
455,努比亚,Z9,12个月碎屏保A+（联通）,10262,7
456,努比亚,Z9,12个月碎屏保A+（联通）,10262,7
457,努比亚,NX513J,12个月碎屏保A+（联通）,10262,7
458,酷派,锋尚MAX,12个月碎屏保A+（联通）,10262,7
459,酷派,A8,12个月碎屏保A+（联通）,10262,7
461,三星,S7,12个月碎屏保A+（联通）,10262,7
463,三星,N719,12个月碎屏保A+（联通）,10262,7
464,Vivo,Xplay 5,12个月碎屏保A+（联通）,10262,7
465,华为,荣耀x2,12个月碎屏保A+（联通）,10262,7
466,华为,荣耀6 plus,12个月碎屏保A+（联通）,10262,7
467,卓望碎屏保,卓望碎屏保,12个月碎屏保A+（联通）,10262,7
468,iPad,Ipad 6,12个月碎屏保A+（联通）,10262,7
469,手机盗抢险,手机盗抢,12个月碎屏保A+（联通）,10262,7
470,ivvi,Ss1,12个月碎屏保A+（联通）,10262,7
471,美图,M4,12个月碎屏保A+（联通）,10262,7
474,小米,红米3,12个月碎屏保A+（联通）,10262,7
475,OPPO, R9,12个月碎屏保A+（联通）,10262,7
476,OPPO,R9 plus,12个月碎屏保A+（联通）,10262,7
477,三星,A7100,12个月碎屏保A+（联通）,10262,7
478,三星,A5100,12个月碎屏保A+（联通）,10262,7
479,苹果,iPhone SE,12个月碎屏保A+（联通）,10262,7
480,酷派,锋尚mini,12个月碎屏保A+（联通）,10262,7
481,酷派,锋尚 Pro2,12个月碎屏保A+（联通）,10262,7
482,努比亚,Z7 Max,12个月碎屏保A+（联通）,10262,7
484,OPPO,U3,12个月碎屏保A+（联通）,10262,7
486,康佳,E1,12个月碎屏保A+（联通）,10262,7
487,Vivo,Y37 A,12个月碎屏保A+（联通）,10262,7
488,其它,其他,12个月碎屏保A+（联通）,10262,7
491,HTC,728,12个月碎屏保A+（联通）,10262,7
492,朵唯,L7,12个月碎屏保A+（联通）,10262,7
493,小米,4S,12个月碎屏保A+（联通）,10262,7
494,奇酷,F4,12个月碎屏保A+（联通）,10262,7
495,金立,GN715,12个月碎屏保A+（联通）,10262,7
496,华为,P9,12个月碎屏保A+（联通）,10262,7
497,Vivo, V3 Max,12个月碎屏保A+（联通）,10262,7
498,Vivo,X6S Plus,12个月碎屏保A+（联通）,10262,7
499,Vivo,V3,12个月碎屏保A+（联通）,10262,7
501,蓝魔,Mos1 ,12个月碎屏保A+（联通）,10262,7
502,蓝魔,R9,12个月碎屏保A+（联通）,10262,7
503,小米,平板2,12个月碎屏保A+（联通）,10262,7
504,ivvi,i3,12个月碎屏保A+（联通）,10262,7
505,美图,V4,12个月碎屏保A+（联通）,10262,7
506,海信,E71,12个月碎屏保A+（联通）,10262,7
507,金立,V185,12个月碎屏保A+（联通）,10262,7
508,金立,S5.1,12个月碎屏保A+（联通）,10262,7
509,奇酷,大神Note3,12个月碎屏保A+（联通）,10262,7
510,努比亚,X6,12个月碎屏保A+（联通）,10262,7
511,努比亚,Z7,12个月碎屏保A+（联通）,10262,7
513,海信,I632T,12个月碎屏保A+（联通）,10262,7
514,海信,E50T,12个月碎屏保A+（联通）,10262,7
515,海信,E602T,12个月碎屏保A+（联通）,10262,7
516,海信,E621T,12个月碎屏保A+（联通）,10262,7
517,海信,E625T,12个月碎屏保A+（联通）,10262,7
518,海信,I635T,12个月碎屏保A+（联通）,10262,7
519,海信,M20T,12个月碎屏保A+（联通）,10262,7
520,海信,I639T,12个月碎屏保A+（联通）,10262,7
521,海信,H910(K8),12个月碎屏保A+（联通）,10262,7
523,努比亚,Z7 mini,12个月碎屏保A+（联通）,10262,7
524,中兴,Q5,12个月碎屏保A+（联通）,10262,7
525,中兴,A2015低配,12个月碎屏保A+（联通）,10262,7
526,中兴,A2015高配,12个月碎屏保A+（联通）,10262,7
527,中兴,Zmax2,12个月碎屏保A+（联通）,10262,7
528,中兴,B2015,12个月碎屏保A+（联通）,10262,7
529,中兴,Q519T,12个月碎屏保A+（联通）,10262,7
530,中兴,Grand S II,12个月碎屏保A+（联通）,10262,7
531,中兴,Q805T,12个月碎屏保A+（联通）,10262,7
532,乐视,乐max2,12个月碎屏保A+（联通）,10262,7
533,乐视,乐 2 Pro,12个月碎屏保A+（联通）,10262,7
534,乐视,乐2,12个月碎屏保A+（联通）,10262,7
534,乐视,乐2,12个月碎屏保A+（联通）,10262,7
535,努比亚,513h,12个月碎屏保A+（联通）,10262,7
546,Vivo,X6 S,12个月碎屏保A+（联通）,10262,7
587,金立,M5 畅享,12个月碎屏保A+（联通）,10262,7
588,三星,A9100,12个月碎屏保A+（联通）,10262,7
589,三星,S3,12个月碎屏保A+（联通）,10262,7
594,酷派,B770,12个月碎屏保A+（联通）,10262,7
595,Vivo,Y31,12个月碎屏保A+（联通）,10262,7
596,三星,G5108,12个月碎屏保A+（联通）,10262,7
597,魅族,Metal,12个月碎屏保A+（联通）,10262,7
598,酷比,S9,12个月碎屏保A+（联通）,10262,7
599,TCL,P728M,12个月碎屏保A+（联通）,10262,7
600,华为,荣耀4A,12个月碎屏保A+（联通）,10262,7
602,朵唯,A3,12个月碎屏保A+（联通）,10262,7
603,努比亚,Z11 mini,12个月碎屏保A+（联通）,10262,7
604,联想,P70t,12个月碎屏保A+（联通）,10262,7
605,酷比,X903 s,12个月碎屏保A+（联通）,10262,7
606,联想,P70 t,12个月碎屏保A+（联通）,10262,7
607,海信,E20 t,12个月碎屏保A+（联通）,10262,7
608,华硕,X003 A,12个月碎屏保A+（联通）,10262,7
617,金立,S8,12个月碎屏保A+（联通）,10262,7
619,金立,F105,12个月碎屏保A+（联通）,10262,7
620,酷派,Y803,12个月碎屏保A+（联通）,10262,7
621,魅族,魅蓝3,12个月碎屏保A+（联通）,10262,7
622,魅族,Pro 6,12个月碎屏保A+（联通）,10262,7
623,酷派,锋尚3,12个月碎屏保A+（联通）,10262,7
624,小米,小米 Max,12个月碎屏保A+（联通）,10262,7
625,朵唯,A6,12个月碎屏保A+（联通）,10262,7
626,三星,GALAXY J5,12个月碎屏保A+（联通）,10262,7
627,朵唯,M1t,12个月碎屏保A+（联通）,10262,7
627,朵唯,M1t,12个月碎屏保A+（联通）,10262,7
628,OPPO,A37,12个月碎屏保A+（联通）,10262,7
629,酷比,M6,12个月碎屏保A+（联通）,10262,7
630,康佳,S1,12个月碎屏保A+（联通）,10262,7
631,酷比,S7,12个月碎屏保A+（联通）,10262,7
632,三星,GALAXY C5,12个月碎屏保A+（联通）,10262,7
633,三星,GALAXY C7,12个月碎屏保A+（联通）,10262,7
634,华硕,X002,12个月碎屏保A+（联通）,10262,7
635,三星,A7108,12个月碎屏保A+（联通）,10262,7
636,海信,C20,12个月碎屏保A+（联通）,10262,7
637,Suger,C7,12个月碎屏保A+（联通）,10262,7
638,Suger,SS119,12个月碎屏保A+（联通）,10262,7
639,Suger,Sugar S,12个月碎屏保A+（联通）,10262,7
640,Suger,C6,12个月碎屏保A+（联通）,10262,7
641,pptv,King 7s,12个月碎屏保A+（联通）,10262,7
643,华为,荣耀畅玩5C,12个月碎屏保A+（联通）,10262,7
644,华为,荣耀V8,12个月碎屏保A+（联通）,10262,7
645,魅族,魅蓝3S,12个月碎屏保A+（联通）,10262,7
646,小米,红米3S,12个月碎屏保A+（联通）,10262,7
647,乐视,乐2s,12个月碎屏保A+（联通）,10262,7
649,金立,3001,12个月碎屏保A+（联通）,10262,7
650,SONY,Z3c,12个月碎屏保A+（联通）,10262,7
651,美图,M6,12个月碎屏保A+（联通）,10262,7
652,大疆,大疆1,12个月碎屏保A+（联通）,10262,7
653,奇酷,N4,12个月碎屏保A+（联通）,10262,7
654,三星,J3 pro,12个月碎屏保A+（联通）,10262,7
655,Vivo,V7,12个月碎屏保A+（联通）,10262,7
656,OPPO,A59,12个月碎屏保A+（联通）,10262,7
657,小米,2S,12个月碎屏保A+（联通）,10262,7
706,Vivo,X7,12个月碎屏保A+（联通）,10262,7
707,Vivo,X7 plus,12个月碎屏保A+（联通）,10262,7
708,SONY,Z3,12个月碎屏保A+（联通）,10262,7
708,SONY,Z3,12个月碎屏保A+（联通）,10262,7
709,酷派,全魔王,12个月碎屏保A+（联通）,10262,7
711,金立,F100,12个月碎屏保A+（联通）,10262,7
712,苹果,其他,12个月碎屏保A+（联通）,10262,7
713,乐视,其他,12个月碎屏保A+（联通）,10262,7
714,魅族,其他,12个月碎屏保A+（联通）,10262,7
718,三星,GALAXY Wide,12个月碎屏保A+（联通）,10262,7
719,三星,Galaxy J Max,12个月碎屏保A+（联通）,10262,7
721,三星,Galaxy J2(2016),12个月碎屏保A+（联通）,10262,7
722,华为,Mate 8,12个月碎屏保A+（联通）,10262,7
723,三星,GALAXY On5 Pro,12个月碎屏保A+（联通）,10262,7
724,华为,麦芒5,12个月碎屏保A+（联通）,10262,7
725,金立,S6 pro,12个月碎屏保A+（联通）,10262,7
725,金立,S6 Pro,12个月碎屏保A+（联通）,10262,7
726,小米,5s,12个月碎屏保A+（联通）,10262,7
732,努比亚,Z11 Max,12个月碎屏保A+（联通）,10262,7
733,HTC,One M9+,12个月碎屏保A+（联通）,10262,7
735,华为,5A,12个月碎屏保A+（联通）,10262,7
736,华为,M2（8寸）,12个月碎屏保A+（联通）,10262,7
737,长虹,T07,12个月碎屏保A+（联通）,10262,7
740,朵唯,L8 Plus,12个月碎屏保A+（联通）,10262,7
741,欧沃,Q7,12个月碎屏保A+（联通）,10262,7
742,摩托罗拉,xt1115,12个月碎屏保A+（联通）,10262,7
743,华为,荣耀8,12个月碎屏保A+（联通）,10262,7
744,沃普丰,V2星月,12个月碎屏保A+（联通）,10262,7
745,沃普丰,V3星辰,12个月碎屏保A+（联通）,10262,7
746,金立,M6,12个月碎屏保A+（联通）,10262,7
747,小米,3x,12个月碎屏保A+（联通）,10262,7
748,沃普丰,天宏x5,12个月碎屏保A+（联通）,10262,7
749,沃普丰,S2,12个月碎屏保A+（联通）,10262,7
750,脉腾,L-006,12个月碎屏保A+（联通）,10262,7
751,小米,pro,12个月碎屏保A+（联通）,10262,7
753,酷比,X905Q,12个月碎屏保A+（联通）,10262,7
754,努比亚,Z11,12个月碎屏保A+（联通）,10262,7
755,乐视,x900+,12个月碎屏保A+（联通）,10262,7
756,小辣椒,S5,12个月碎屏保A+（联通）,10262,7
757,酷派,Cool 1,12个月碎屏保A+（联通）,10262,7
758,康佳,R5,12个月碎屏保A+（联通）,10262,7
760,魅族,魅蓝E,12个月碎屏保A+（联通）,10262,7
767,金立,M6 Plus,12个月碎屏保A+（联通）,10262,7
769,努比亚,N1,12个月碎屏保A+（联通）,10262,7
778,小天才,Imoo,12个月碎屏保A+（联通）,10262,7
779,酷比,M7Q,12个月碎屏保A+（联通）,10262,7
780,康佳,D557,12个月碎屏保A+（联通）,10262,7
781,康佳,R1,12个月碎屏保A+（联通）,10262,7
782,康佳,R2,12个月碎屏保A+（联通）,10262,7
783,康佳,R3,12个月碎屏保A+（联通）,10262,7
784,海信,F30,12个月碎屏保A+（联通）,10262,7
785,海信,F31,12个月碎屏保A+（联通）,10262,7
786,海信,C1,12个月碎屏保A+（联通）,10262,7
787,海信,E76,12个月碎屏保A+（联通）,10262,7
788,海信,A1,12个月碎屏保A+（联通）,10262,7
789,金立,F306,12个月碎屏保A+（联通）,10262,7
790,华为,3S,12个月碎屏保A+（联通）,10262,7
791,iPad,Ipad 5,12个月碎屏保A+（联通）,10262,7
792,ivvi, sk3-01,12个月碎屏保A+（联通）,10262,7
793,一加,1+3,12个月碎屏保A+（联通）,10262,7
794,摩托罗拉,xt1085,12个月碎屏保A+（联通）,10262,7
795,Vivo,A33,12个月碎屏保A+（联通）,10262,7
796,长虹,T03,12个月碎屏保A+（联通）,10262,7
797,长虹,T06,12个月碎屏保A+（联通）,10262,7
798,波导,M6,12个月碎屏保A+（联通）,10262,7
799,波导,L7 plus,12个月碎屏保A+（联通）,10262,7
800,小米,小米note 低配,12个月碎屏保A+（联通）,10262,7
801,联想,ZUK z1,12个月碎屏保A+（联通）,10262,7
803,TCL,乐玩2C,12个月碎屏保A+（联通）,10262,7
805,奇酷,N4s,12个月碎屏保A+（联通）,10262,7
806,钱脉通,Q8s,12个月碎屏保A+（联通）,10262,7
807,酷比,M1,12个月碎屏保A+（联通）,10262,7
808,酷比,M100,12个月碎屏保A+（联通）,10262,7
809,酷比,M200,12个月碎屏保A+（联通）,10262,7
810,酷比,M5,12个月碎屏保A+（联通）,10262,7
811,酷比,S100,12个月碎屏保A+（联通）,10262,7
813,酷比,S103,12个月碎屏保A+（联通）,10262,7
813,酷比,S103,12个月碎屏保A+（联通）,10262,7
813,酷比,S103,12个月碎屏保A+（联通）,10262,7
814,酷比,S5,12个月碎屏保A+（联通）,10262,7
815,酷比,MAX5,12个月碎屏保A+（联通）,10262,7
816,奥乐,AR7 F ,12个月碎屏保A+（联通）,10262,7
818,奥乐,AR8,12个月碎屏保A+（联通）,10262,7
819,奥乐,AR9 ,12个月碎屏保A+（联通）,10262,7
820,奥乐,AR9 Y,12个月碎屏保A+（联通）,10262,7
821,奥乐,AR1,12个月碎屏保A+（联通）,10262,7
822,小辣椒,S1,12个月碎屏保A+（联通）,10262,7
823,小辣椒,S2,12个月碎屏保A+（联通）,10262,7
824,小辣椒,S3,12个月碎屏保A+（联通）,10262,7
825,小辣椒,S6,12个月碎屏保A+（联通）,10262,7
826,小辣椒,X6,12个月碎屏保A+（联通）,10262,7
827,小辣椒,JD-PLUS,12个月碎屏保A+（联通）,10262,7
828,小辣椒,GM-T1,12个月碎屏保A+（联通）,10262,7
829,小辣椒,JD-T,12个月碎屏保A+（联通）,10262,7
830,波导,L5,12个月碎屏保A+（联通）,10262,7
831,波导,L7,12个月碎屏保A+（联通）,10262,7
832,波导,L9,12个月碎屏保A+（联通）,10262,7
833,维图,GT3,12个月碎屏保A+（联通）,10262,7
834,酷比,M9,12个月碎屏保A+（联通）,10262,7
838,Vivo,Xplay,12个月碎屏保A+（联通）,10262,7
839,三星,Note 2,12个月碎屏保A+（联通）,10262,7
840,华为,M2（10寸）,12个月碎屏保A+（联通）,10262,7
841,小米,Note pro,12个月碎屏保A+（联通）,10262,7
842,联想,Z2 pro,12个月碎屏保A+（联通）,10262,7
843,魅族,U20,12个月碎屏保A+（联通）,10262,7
844,小辣椒,S31,12个月碎屏保A+（联通）,10262,7
845,欧奇,P1,12个月碎屏保A+（联通）,10262,7
846,欧奇,P2,12个月碎屏保A+（联通）,10262,7
847,欧奇,P3,12个月碎屏保A+（联通）,10262,7
848,欧奇,P4,12个月碎屏保A+（联通）,10262,7
849,欧奇,P5,12个月碎屏保A+（联通）,10262,7
850,欧奇,P6,12个月碎屏保A+（联通）,10262,7
851,欧奇,G9,12个月碎屏保A+（联通）,10262,7
852,奥乐,AR2,12个月碎屏保A+（联通）,10262,7
853,欧奇,G6,12个月碎屏保A+（联通）,10262,7
854,欧奇,G7,12个月碎屏保A+（联通）,10262,7
855,诺亚信,X9,12个月碎屏保A+（联通）,10262,7
856,诺亚信,A1,12个月碎屏保A+（联通）,10262,7
857,诺亚信,X7,12个月碎屏保A+（联通）,10262,7
857,诺亚信,X7,12个月碎屏保A+（联通）,10262,7
859,诺亚信,K1,12个月碎屏保A+（联通）,10262,7
860,传奇,M6,12个月碎屏保A+（联通）,10262,7
861,先科,A8,12个月碎屏保A+（联通）,10262,7
862,酷米,K8,12个月碎屏保A+（联通）,10262,7
863,嘉源,V3,12个月碎屏保A+（联通）,10262,7
864,嘉源,A3,12个月碎屏保A+（联通）,10262,7
866,中兴,小鲜四,12个月碎屏保A+（联通）,10262,7
867,ivvi,小骨Pro,12个月碎屏保A+（联通）,10262,7
868,小米,红米 note4,12个月碎屏保A+（联通）,10262,7
869,Sugar,F7,12个月碎屏保A+（联通）,10262,7
870,Sugar,Y7,12个月碎屏保A+（联通）,10262,7
876,联想, Z90-7,12个月碎屏保A+（联通）,10262,7
878,中兴,中兴天机7,12个月碎屏保A+（联通）,10262,7
879,青橙,M4,12个月碎屏保A+（联通）,10262,7
880,魅族,魅蓝 Max,12个月碎屏保A+（联通）,10262,7
881,锤子,T1,12个月碎屏保A+（联通）,10262,7
882,锤子,T2,12个月碎屏保A+（联通）,10262,7
883,小辣椒,X5,12个月碎屏保A+（联通）,10262,7
884,欧奇,金嗓子,12个月碎屏保A+（联通）,10262,7
885,欧奇,大嗓门,12个月碎屏保A+（联通）,10262,7
886,欧奇,G12,12个月碎屏保A+（联通）,10262,7
887,欧奇,S13,12个月碎屏保A+（联通）,10262,7
888,欧奇,OK P3,12个月碎屏保A+（联通）,10262,7
889,欧奇,G5P4,12个月碎屏保A+（联通）,10262,7
890,波导,LT02,12个月碎屏保A+（联通）,10262,7
891,波导,L902,12个月碎屏保A+（联通）,10262,7
892,维图,GT7,12个月碎屏保A+（联通）,10262,7
893,维图,GT9,12个月碎屏保A+（联通）,10262,7
894,维图,GT11,12个月碎屏保A+（联通）,10262,7
895,维图,GT13,12个月碎屏保A+（联通）,10262,7
896,酷比,S200,12个月碎屏保A+（联通）,10262,7
897,维图,H1,12个月碎屏保A+（联通）,10262,7
898,魅族,魅蓝Note,12个月碎屏保A+（联通）,10262,7
899,华为,荣耀畅玩平板note ,12个月碎屏保A+（联通）,10262,7
900,华为,G9 plus,12个月碎屏保A+（联通）,10262,7
901,中兴,a2017,12个月碎屏保A+（联通）,10262,7
903,魅族,U10,12个月碎屏保A+（联通）,10262,7
904,摩托罗拉,XT1635-03,12个月碎屏保A+（联通）,10262,7
905,三星,A5108,12个月碎屏保A+（联通）,10262,7
906,朵唯,A5,12个月碎屏保A+（联通）,10262,7
907,朵唯,A8,12个月碎屏保A+（联通）,10262,7
908,小辣椒,LA5,12个月碎屏保A+（联通）,10262,7
909,三星,G7109,12个月碎屏保A+（联通）,10262,7
910,华为,荣耀note8,12个月碎屏保A+（联通）,10262,7
911,小米,红米pro,12个月碎屏保A+（联通）,10262,7
912,摩托罗拉,Z play,12个月碎屏保A+（联通）,10262,7
913,金立,大金刚,12个月碎屏保A+（联通）,10262,7
914,三星,三星GALAXY Tab S,12个月碎屏保A+（联通）,10262,7
926,E派,T3582,12个月碎屏保A+（联通）,10262,7
927,华为,荣耀x3,12个月碎屏保A+（联通）,10262,7
934,华为,3x,12个月碎屏保A+（联通）,10262,7
935,乐视,pro 3,12个月碎屏保A+（联通）,10262,7
936,华为,荣耀3c,12个月碎屏保A+（联通）,10262,7
937,小米,米2,12个月碎屏保A+（联通）,10262,7
938,魅族,mx6,12个月碎屏保A+（联通）,10262,7
939,酷派,大神Note,12个月碎屏保A+（联通）,10262,7
940,OPPO,A59 s,12个月碎屏保A+（联通）,10262,7
941,摩托罗拉,Moto z,12个月碎屏保A+（联通）,10262,7
942,康佳,R6,12个月碎屏保A+（联通）,10262,7
943,康佳,R7,12个月碎屏保A+（联通）,10262,7
944,康佳,S2,12个月碎屏保A+（联通）,10262,7
945,康佳,S3,12个月碎屏保A+（联通）,10262,7
946,ivvi, 小i,12个月碎屏保A+（联通）,10262,7
947,ivvi,K2,12个月碎屏保A+（联通）,10262,7
948,ivvi,S6,12个月碎屏保A+（联通）,10262,7
949,ivvi,K1,12个月碎屏保A+（联通）,10262,7
950,华为,Nova,12个月碎屏保A+（联通）,10262,7
951,联想,3900D,12个月碎屏保A+（联通）,10262,7
953,华为,畅玩5,12个月碎屏保A+（联通）,10262,7
954,Vivo,y55,12个月碎屏保A+（联通）,10262,7
955,OPPO,R9s,12个月碎屏保A+（联通）,10262,7
956,OPPO,R9s plus,12个月碎屏保A+（联通）,10262,7
958,华为,荣耀X1 ,12个月碎屏保A+（联通）,10262,7
960,三星,g9198,12个月碎屏保A+（联通）,10262,7
961,奇酷,奇酷360手机,12个月碎屏保A+（联通）,10262,7
962,蓝魔,Mos1 max,12个月碎屏保A+（联通）,10262,7
963,小米,note 2,12个月碎屏保A+（联通）,10262,7
964,中兴,910,12个月碎屏保A+（联通）,10262,7
965,华为,畅想6,12个月碎屏保A+（联通）,10262,7
966,华为,荣耀畅玩6x,12个月碎屏保A+（联通）,10262,7
967,联想,zuk  z2,12个月碎屏保A+（联通）,10262,7
968,金立,F100s,12个月碎屏保A+（联通）,10262,7
969,三星,2016版GALAXY On5,12个月碎屏保A+（联通）,10262,7
970,诺亚信,K3,12个月碎屏保A+（联通）,10262,7
972,小米,5s plus,12个月碎屏保A+（联通）,10262,7
973,锤子,M1,12个月碎屏保A+（联通）,10262,7
974,锤子,M1L,12个月碎屏保A+（联通）,10262,7
975,蓝博兴,L8201 ,12个月碎屏保A+（联通）,10262,7
976,TCL,750,12个月碎屏保A+（联通）,10262,7
977,TCL,580,12个月碎屏保A+（联通）,10262,7
978,米歌,210A,12个月碎屏保A+（联通）,10262,7
979,华为,M3,12个月碎屏保A+（联通）,10262,7
980,HTC,D10W,12个月碎屏保A+（联通）,10262,7
981,魅族,魅蓝5 ,12个月碎屏保A+（联通）,10262,7
982,华为,Mate 9,12个月碎屏保A+（联通）,10262,7
983,乐视,cool,12个月碎屏保A+（联通）,10262,7
986,Vivo,x9,12个月碎屏保A+（联通）,10262,7
988,飞利浦,S226M,12个月碎屏保A+（联通）,10262,7
989,金立,M5,12个月碎屏保A+（联通）,10262,7
990,沃普丰,V3视界?,12个月碎屏保A+（联通）,10262,7
991,沃普丰,V3极光,12个月碎屏保A+（联通）,10262,7
992,沃普丰,V2大喇叭,12个月碎屏保A+（联通）,10262,7
993,沃普丰,V6 plus,12个月碎屏保A+（联通）,10262,7
994,沃普丰,s2钻石,12个月碎屏保A+（联通）,10262,7
995,沃普丰,s2大麦,12个月碎屏保A+（联通）,10262,7
996,沃普丰,v2 金钻,12个月碎屏保A+（联通）,10262,7
997,沃普丰,v2 活跃,12个月碎屏保A+（联通）,10262,7
998,ivvi,小骨max,12个月碎屏保A+（联通）,10262,7
1000,中兴,远航4,12个月碎屏保A+（联通）,10262,7
1001,海信, f20t ,12个月碎屏保A+（联通）,10262,7
1002,三星,GALAXY C9 Pro,12个月碎屏保A+（联通）,10262,7
1003,朵唯,M2,12个月碎屏保A+（联通）,10262,7
1004,Vivo,y18,12个月碎屏保A+（联通）,10262,7
1005,摩托罗拉,xt1581,12个月碎屏保A+（联通）,10262,7
1006,魅族,pro 6 plus ,12个月碎屏保A+（联通）,10262,7
1007,三星,2016版GALAXY On7,12个月碎屏保A+（联通）,10262,7
1008,奥洛斯,G19 ,12个月碎屏保A+（联通）,10262,7
1009,小米,红米4,12个月碎屏保A+（联通）,10262,7
1037,OPPO,A57,12个月碎屏保A+（联通）,10262,7
1038,COMIO卡美欧,R1,12个月碎屏保A+（联通）,10262,7
1039,金立,5003,12个月碎屏保A+（联通）,10262,7
1040,三星,GALAXY Tab A 9.7（T555C）,12个月碎屏保A+（联通）,10262,7
1041,小辣椒,S33,12个月碎屏保A+（联通）,10262,7
1042,小辣椒,X7,12个月碎屏保A+（联通）,10262,7
1043,摩托罗拉,xt1662,12个月碎屏保A+（联通）,10262,7
1044,欧奇,黑牛P2金嗓子,12个月碎屏保A+（联通）,10262,7
1046,ivvi,i3 play,12个月碎屏保A+（联通）,10262,7
1047,小米,红米4A,12个月碎屏保A+（联通）,10262,7
1048,三星,GALAXY C9,12个月碎屏保A+（联通）,10262,7
1049,金立,S9,12个月碎屏保A+（联通）,10262,7
1052,E派,5583,12个月碎屏保A+（联通）,10262,7
1053,努比亚,Z11mini S,12个月碎屏保A+（联通）,10262,7
1054,百利丰,T3,12个月碎屏保A+（联通）,10262,7
1055,百利丰,T7,12个月碎屏保A+（联通）,10262,7
1056,百利丰,T9,12个月碎屏保A+（联通）,10262,7
1057,OPPO,a59 m,12个月碎屏保A+（联通）,10262,7
1058,小辣椒,X1,12个月碎屏保A+（联通）,10262,7
1059,金立,S5,12个月碎屏保A+（联通）,10262,7
1060,乐视,乐S3,12个月碎屏保A+（联通）,10262,7
1062,小米,MIX,12个月碎屏保A+（联通）,10262,7
1063,三星, C9,12个月碎屏保A+（联通）,10262,7
1064,欧亚信,MX6,12个月碎屏保A+（联通）,10262,7
1065,三星,C5000,12个月碎屏保A+（联通）,10262,7
1066,三星,SM-C7000,12个月碎屏保A+（联通）,10262,7
1067,魅族,魅蓝x,12个月碎屏保A+（联通）,10262,7
1068,魅族,魅蓝 note5,12个月碎屏保A+（联通）,10262,7
1069,Vivo,y67,12个月碎屏保A+（联通）,10262,7
1070,TCL,550,12个月碎屏保A+（联通）,10262,7
1071,TCL,520,12个月碎屏保A+（联通）,10262,7
1072,小辣椒,x6 pro,12个月碎屏保A+（联通）,10262,7
1073,奇酷,Q5 plus,12个月碎屏保A+（联通）,10262,7
1074,奇酷,F4s,12个月碎屏保A+（联通）,10262,7
1075,小辣椒,x3,12个月碎屏保A+（联通）,10262,7
1076,天语,X7pro,12个月碎屏保A+（联通）,10262,7
1078,乐视,X528,12个月碎屏保A+（联通）,10262,7
1079,OPPO,R8007,12个月碎屏保A+（联通）,10262,7
1080,康佳,R8,12个月碎屏保A+（联通）,10262,7
1081,华为,iPad 2,12个月碎屏保A+（联通）,10262,7
1082,iPad,iPad 2,12个月碎屏保A+（联通）,10262,7
1084,诺亚信, MX6,12个月碎屏保A+（联通）,10262,7
1085,酷派,cool1 dual,12个月碎屏保A+（联通）,10262,7
1087,Vivo,y66,12个月碎屏保A+（联通）,10262,7
1089,朵唯,L9,12个月碎屏保A+（联通）,10262,7
1090,三星,三星g5309,12个月碎屏保A+（联通）,10262,7
1091,三星,g5309,12个月碎屏保A+（联通）,10262,7
1092,8848,m2,12个月碎屏保A+（联通）,10262,7
1093,乐视,X900,12个月碎屏保A+（联通）,10262,7
1094,酷比,A3,12个月碎屏保A+（联通）,10262,7
1095,朵唯,L9mini,12个月碎屏保A+（联通）,10262,7
1097,华硕,电神5000,12个月碎屏保A+（联通）,10262,7
1098,乐视,x820,12个月碎屏保A+（联通）,10262,7
1099,海信,f22,12个月碎屏保A+（联通）,10262,7
1100,美图,m6s,12个月碎屏保A+（联通）,10262,7
1101,华为,畅享6S ,12个月碎屏保A+（联通）,10262,7
1102,Vivo,  immo,12个月碎屏保A+（联通）,10262,7
1105,华为,A1,12个月碎屏保A+（联通）,10262,7
1107,魅族,pro 6s,12个月碎屏保A+（联通）,10262,7
1108,华为,G9,12个月碎屏保A+（联通）,10262,7
1109,中兴,V7 MAX,12个月碎屏保A+（联通）,10262,7
1111,乐酷,乐1,12个月碎屏保A+（联通）,10262,7
1113,摩托罗拉,x pro,12个月碎屏保A+（联通）,10262,7
1116,沃普丰,V1大众,12个月碎屏保A+（联通）,10262,7
1117,沃普丰,V1精灵,12个月碎屏保A+（联通）,10262,7
1118,沃普丰,V2钻石,12个月碎屏保A+（联通）,10262,7
1119,沃普丰,V2战神,12个月碎屏保A+（联通）,10262,7
1121,沃普丰,V2PLUS,12个月碎屏保A+（联通）,10262,7
1123,沃普丰,V3星月,12个月碎屏保A+（联通）,10262,7
1125,沃普丰,V3星光,12个月碎屏保A+（联通）,10262,7
1126,沃普丰,V3大麦,12个月碎屏保A+（联通）,10262,7
1128,长虹,H9,12个月碎屏保A+（联通）,10262,7
1130,金立,GN5005,12个月碎屏保A+（联通）,10262,7
1131,联想,750p,12个月碎屏保A+（联通）,10262,7
1132,OPPO,r9sk,12个月碎屏保A+（联通）,10262,7
1133,三星,G5200,12个月碎屏保A+（联通）,10262,7
1134,中兴,A910,12个月碎屏保A+（联通）,10262,7
1135,酷派,s1,12个月碎屏保A+（联通）,10262,7
1136,酷派,c105-6,12个月碎屏保A+（联通）,10262,7
1137,中兴,C2016 ,12个月碎屏保A+（联通）,10262,7
1139,一加,1+1,12个月碎屏保A+（联通）,10262,7
1140,中兴,c2017,12个月碎屏保A+（联通）,10262,7
1141,海信,e76mini,12个月碎屏保A+（联通）,10262,7
1142,海信,f23,12个月碎屏保A+（联通）,10262,7
1143,长虹,P06,12个月碎屏保A+（联通）,10262,7
1144,小辣椒,  NX,12个月碎屏保A+（联通）,10262,7
1145,华为,畅想6s,12个月碎屏保A+（联通）,10262,7
1146,OPPO,R1S,12个月碎屏保A+（联通）,10262,7
1147,三星,G 6100,12个月碎屏保A+（联通）,10262,7
1148,联想,p1,12个月碎屏保A+（联通）,10262,7
1149,长虹,s06,12个月碎屏保A+（联通）,10262,7
1150,华硕,M2,12个月碎屏保A+（联通）,10262,7
1151,华硕,飞马3,12个月碎屏保A+（联通）,10262,7
1152,联想,VIBE P2,12个月碎屏保A+（联通）,10262,7
1153,中兴,BA910,12个月碎屏保A+（联通）,10262,7
1154,金立,金钢2,12个月碎屏保A+（联通）,10262,7
1156,华硕,Zenfone 3,12个月碎屏保A+（联通）,10262,7
1157,摩托罗拉,Moto_M,12个月碎屏保A+（联通）,10262,7
1158,长虹,长虹S01,12个月碎屏保A+（联通）,10262,7
1159,SONY,z5,12个月碎屏保A+（联通）,10262,7
1160,联想,联想P1c72 ,12个月碎屏保A+（联通）,10262,7
1161,TCL,950,12个月碎屏保A+（联通）,10262,7
1162,中兴,远航   4S,12个月碎屏保A+（联通）,10262,7
1163,Vivo, X9 Plus,12个月碎屏保A+（联通）,10262,7
1164,三星,g1600,12个月碎屏保A+（联通）,10262,7
1166,朵唯,V3,12个月碎屏保A+（联通）,10262,7
1167,长虹,S08,12个月碎屏保A+（联通）,10262,7
1168,长虹,P01,12个月碎屏保A+（联通）,10262,7
1169,海信,E81,12个月碎屏保A+（联通）,10262,7
1170,ivvi,i3 新春版,12个月碎屏保A+（联通）,10262,7
1171,ivvi,i3新春版,12个月碎屏保A+（联通）,10262,7
1172,康佳,R9 ,12个月碎屏保A+（联通）,10262,7
1173,华为,G9青春版,12个月碎屏保A+（联通）,10262,7
1174,Vivo,Y55L   ,12个月碎屏保A+（联通）,10262,7
1175,金立,F5,12个月碎屏保A+（联通）,10262,7
1176,金立,F106,12个月碎屏保A+（联通）,10262,7
1178,Sugar,F7 mini,12个月碎屏保A+（联通）,10262,7
1179,华为,荣耀平板,12个月碎屏保A+（联通）,10262,7
1180,Sugar,S9,12个月碎屏保A+（联通）,10262,7
1181,华为,荣耀平板2,12个月碎屏保A+（联通）,10262,7
1182,酷比,S106,12个月碎屏保A+（联通）,10262,7
1183,ivvi,小I PIUS,12个月碎屏保A+（联通）,10262,7
1184,华硕,飞马5000,12个月碎屏保A+（联通）,10262,7
1185,华硕,ZenFone2,12个月碎屏保A+（联通）,10262,7
1186,华为,荣耀T1 10,12个月碎屏保A+（联通）,10262,7
1187,酷比,M9 Plus,12个月碎屏保A+（联通）,10262,7
1188,华为,M2（7寸）,12个月碎屏保A+（联通）,10262,7
1189,三星,GALAXY C7 Pro,12个月碎屏保A+（联通）,10262,7
1193,华为,荣耀Magic,12个月碎屏保A+（联通）,10262,7
1196,一加,1+3T ,12个月碎屏保A+（联通）,10262,7
1200,华为,荣耀V9,12个月碎屏保A+（联通）,10262,7
1201,酷派,大神1S,12个月碎屏保A+（联通）,10262,7
1202,魅族,魅蓝5s,12个月碎屏保A+（联通）,10262,7
1203,美图,T8,12个月碎屏保A+（联通）,10262,7
1204,飞利浦,V800,12个月碎屏保A+（联通）,10262,7
1206,联想,Phab2 plus,12个月碎屏保A+（联通）,10262,7
1207,中兴,天机7 Max,12个月碎屏保A+（联通）,10262,7
1212,华为,荣耀8 青春版,12个月碎屏保A+（联通）,10262,7
1215,海信,C20s,12个月碎屏保A+（联通）,10262,7
1216,长虹,X11,12个月碎屏保A+（联通）,10262,7
1217,长虹,X1,12个月碎屏保A+（联通）,10262,7
1220,Sugar,SUGAR F7 mini,12个月碎屏保A+（联通）,10262,7
1221,中国移动,M631,12个月碎屏保A+（联通）,10262,7
1222,中国移动,M636,12个月碎屏保A+（联通）,10262,7
1223,中国移动,M823,12个月碎屏保A+（联通）,10262,7
1224,中国移动,M821,12个月碎屏保A+（联通）,10262,7
1225,中国移动,M623c,12个月碎屏保A+（联通）,10262,7
1226,中国移动,M836,12个月碎屏保A+（联通）,10262,7
1227,小辣椒,小辣椒7,12个月碎屏保A+（联通）,10262,7
1229,小米,5c,12个月碎屏保A+（联通）,10262,7
1230,三星,Galaxy Folder,12个月碎屏保A+（联通）,10262,7
1231,长虹,S03,12个月碎屏保A+（联通）,10262,7
1233,中国移动,优购T9,12个月碎屏保A+（联通）,10262,7
1236,中兴,中兴Blade,12个月碎屏保A+（联通）,10262,7